,danceability,energy,key,loudness,mode,speechiness,acousticness,instrumentalness,liveness,valence,tempo,type,id,uri,track_href,analysis_url,duration_ms,time_signature
0,0.38,0.917,9,-4.486,1,0.0733,0.00315,0.000138,0.0628,0.849,162.521,audio_features,1fl5TvpPkPjx8zo45HY0UQ,spotify:track:1fl5TvpPkPjx8zo45HY0UQ,https://api.spotify.com/v1/tracks/1fl5TvpPkPjx8zo45HY0UQ,https://api.spotify.com/v1/audio-analysis/1fl5TvpPkPjx8zo45HY0UQ,213093,4
1,0.445,0.384,10,-14.642,1,0.0417,0.635,7.74e-05,0.0539,0.216,123.295,audio_features,3ZE3wv8V3w2T2f7nOCjV0N,spotify:track:3ZE3wv8V3w2T2f7nOCjV0N,https://api.spotify.com/v1/tracks/3ZE3wv8V3w2T2f7nOCjV0N,https://api.spotify.com/v1/audio-analysis/3ZE3wv8V3w2T2f7nOCjV0N,235987,4
2,0.579,0.508,2,-9.484,1,0.027,0.00574,0.000494,0.0575,0.609,147.125,audio_features,40riOy7x9W7GXjyGp4pjAv,spotify:track:40riOy7x9W7GXjyGp4pjAv,https://api.spotify.com/v1/tracks/40riOy7x9W7GXjyGp4pjAv,https://api.spotify.com/v1/audio-analysis/40riOy7x9W7GXjyGp4pjAv,391376,4
3,0.601,0.532,10,-9.119,1,0.0286,0.432,6.25e-06,0.0925,0.341,136.571,audio_features,3gdewACMIVMEWVbyb8O9sY,spotify:track:3gdewACMIVMEWVbyb8O9sY,https://api.spotify.com/v1/tracks/3gdewACMIVMEWVbyb8O9sY,https://api.spotify.com/v1/audio-analysis/3gdewACMIVMEWVbyb8O9sY,281613,4
4,0.733,0.794,5,-10.023,1,0.0307,0.0614,0.0367,0.33,0.931,148.174,audio_features,37Tmv4NnfQeb0ZgUC4fOJj,spotify:track:37Tmv4NnfQeb0ZgUC4fOJj,https://api.spotify.com/v1/tracks/37Tmv4NnfQeb0ZgUC4fOJj,https://api.spotify.com/v1/audio-analysis/37Tmv4NnfQeb0ZgUC4fOJj,348624,4
5,0.749,0.491,10,-9.655,1,0.0403,0.02,0.00899,0.159,0.536,119.528,audio_features,3vkQ5DAB1qQMYO4Mr9zJN6,spotify:track:3vkQ5DAB1qQMYO4Mr9zJN6,https://api.spotify.com/v1/tracks/3vkQ5DAB1qQMYO4Mr9zJN6,https://api.spotify.com/v1/audio-analysis/3vkQ5DAB1qQMYO4Mr9zJN6,292613,4
6,0.531,0.481,4,-11.709,0,0.06,0.699,0.0,0.0842,0.491,138.45,audio_features,1fDsrQ23eTAVFElUMaf38X,spotify:track:1fDsrQ23eTAVFElUMaf38X,https://api.spotify.com/v1/tracks/1fDsrQ23eTAVFElUMaf38X,https://api.spotify.com/v1/audio-analysis/1fDsrQ23eTAVFElUMaf38X,516893,4
7,0.654,0.506,11,-17.18,0,0.0535,0.686,0.0155,0.155,0.831,123.179,audio_features,54eZmuggBFJbV7k248bTTt,spotify:track:54eZmuggBFJbV7k248bTTt,https://api.spotify.com/v1/tracks/54eZmuggBFJbV7k248bTTt,https://api.spotify.com/v1/audio-analysis/54eZmuggBFJbV7k248bTTt,252240,4
8,0.703,0.826,10,-7.179,0,0.0341,0.0322,0.00629,0.179,0.945,103.564,audio_features,3mRM4NM8iO7UBqrSigCQFH,spotify:track:3mRM4NM8iO7UBqrSigCQFH,https://api.spotify.com/v1/tracks/3mRM4NM8iO7UBqrSigCQFH,https://api.spotify.com/v1/audio-analysis/3mRM4NM8iO7UBqrSigCQFH,285373,4
9,0.764,0.628,0,-10.961,1,0.048,0.336,0.0,0.0977,0.823,109.008,audio_features,75Nlnd9AJ4CYrLXgWGsuTF,spotify:track:75Nlnd9AJ4CYrLXgWGsuTF,https://api.spotify.com/v1/tracks/75Nlnd9AJ4CYrLXgWGsuTF,https://api.spotify.com/v1/audio-analysis/75Nlnd9AJ4CYrLXgWGsuTF,216387,4
10,0.331,0.55,0,-6.483,1,0.0272,0.605,3.96e-06,0.192,0.429,177.734,audio_features,70C4NyhjD5OZUMzvWZ3njJ,spotify:track:70C4NyhjD5OZUMzvWZ3njJ,https://api.spotify.com/v1/tracks/70C4NyhjD5OZUMzvWZ3njJ,https://api.spotify.com/v1/audio-analysis/70C4NyhjD5OZUMzvWZ3njJ,339000,3
11,0.475,0.322,7,-10.687,1,0.0283,0.367,0.00056,0.11,0.387,93.503,audio_features,6zeE5tKyr8Nu882DQhhSQI,spotify:track:6zeE5tKyr8Nu882DQhhSQI,https://api.spotify.com/v1/tracks/6zeE5tKyr8Nu882DQhhSQI,https://api.spotify.com/v1/audio-analysis/6zeE5tKyr8Nu882DQhhSQI,206267,4
12,0.489,0.758,7,-6.491,1,0.0297,0.000678,0.49,0.092,0.435,112.113,audio_features,7Jh1bpe76CNTCgdgAdBw4Z,spotify:track:7Jh1bpe76CNTCgdgAdBw4Z,https://api.spotify.com/v1/tracks/7Jh1bpe76CNTCgdgAdBw4Z,https://api.spotify.com/v1/audio-analysis/7Jh1bpe76CNTCgdgAdBw4Z,371413,4
13,0.228,0.224,7,-12.749,1,0.0311,0.946,0.000222,0.273,0.18,60.3,audio_features,2TjnCxxQRYn56Ye8gkUKiW,spotify:track:2TjnCxxQRYn56Ye8gkUKiW,https://api.spotify.com/v1/tracks/2TjnCxxQRYn56Ye8gkUKiW,https://api.spotify.com/v1/audio-analysis/2TjnCxxQRYn56Ye8gkUKiW,213713,4
14,0.58,0.0842,5,-15.52,1,0.0302,0.982,0.00126,0.11,0.388,92.123,audio_features,2JoUtztTqCN4ZhmbRDGPIL,spotify:track:2JoUtztTqCN4ZhmbRDGPIL,https://api.spotify.com/v1/tracks/2JoUtztTqCN4ZhmbRDGPIL,https://api.spotify.com/v1/audio-analysis/2JoUtztTqCN4ZhmbRDGPIL,200813,4
15,0.473,0.898,6,-4.797,0,0.0561,0.00783,0.0618,0.173,0.808,96.556,audio_features,4aVuWgvD0X63hcOCnZtNFA,spotify:track:4aVuWgvD0X63hcOCnZtNFA,https://api.spotify.com/v1/tracks/4aVuWgvD0X63hcOCnZtNFA,https://api.spotify.com/v1/audio-analysis/4aVuWgvD0X63hcOCnZtNFA,235547,4
16,0.434,0.563,11,-6.784,1,0.0268,0.0197,0.000824,0.128,0.275,104.183,audio_features,0KMGxYKeUzK9wc5DZCt3HT,spotify:track:0KMGxYKeUzK9wc5DZCt3HT,https://api.spotify.com/v1/tracks/0KMGxYKeUzK9wc5DZCt3HT,https://api.spotify.com/v1/audio-analysis/0KMGxYKeUzK9wc5DZCt3HT,235373,4
17,0.741,0.697,0,-7.028,1,0.0277,0.0664,2.28e-05,0.133,0.774,116.109,audio_features,2LawezPeJhN4AWuSB0GtAU,spotify:track:2LawezPeJhN4AWuSB0GtAU,https://api.spotify.com/v1/tracks/2LawezPeJhN4AWuSB0GtAU,https://api.spotify.com/v1/audio-analysis/2LawezPeJhN4AWuSB0GtAU,160133,4
18,0.583,0.947,5,-5.12,1,0.0378,0.0185,0.00109,0.0679,0.803,135.448,audio_features,07GvNcU1WdyZJq3XxP0kZa,spotify:track:07GvNcU1WdyZJq3XxP0kZa,https://api.spotify.com/v1/tracks/07GvNcU1WdyZJq3XxP0kZa,https://api.spotify.com/v1/audio-analysis/07GvNcU1WdyZJq3XxP0kZa,223613,4
19,0.659,0.678,0,-8.18,1,0.0313,0.157,6.69e-06,0.0784,0.647,106.186,audio_features,2DnJjbjNTV9Nd5NOa1KGba,spotify:track:2DnJjbjNTV9Nd5NOa1KGba,https://api.spotify.com/v1/tracks/2DnJjbjNTV9Nd5NOa1KGba,https://api.spotify.com/v1/audio-analysis/2DnJjbjNTV9Nd5NOa1KGba,258411,4
20,0.605,0.574,2,-10.536,1,0.0377,0.559,0.113,0.0684,0.543,129.449,audio_features,6rovOdp3HgK1DeAMYDzoA7,spotify:track:6rovOdp3HgK1DeAMYDzoA7,https://api.spotify.com/v1/tracks/6rovOdp3HgK1DeAMYDzoA7,https://api.spotify.com/v1/audio-analysis/6rovOdp3HgK1DeAMYDzoA7,350267,4
21,0.828,0.492,0,-9.744,1,0.0276,0.0644,0.00428,0.128,0.789,120.151,audio_features,0ofHAoxe9vBkTCp2UQIavz,spotify:track:0ofHAoxe9vBkTCp2UQIavz,https://api.spotify.com/v1/tracks/0ofHAoxe9vBkTCp2UQIavz,https://api.spotify.com/v1/audio-analysis/0ofHAoxe9vBkTCp2UQIavz,257800,4
22,0.338,0.34,9,-12.049,0,0.0339,0.58,0.0032,0.116,0.197,82.433,audio_features,5CQ30WqJwcep0pYcV4AMNc,spotify:track:5CQ30WqJwcep0pYcV4AMNc,https://api.spotify.com/v1/tracks/5CQ30WqJwcep0pYcV4AMNc,https://api.spotify.com/v1/audio-analysis/5CQ30WqJwcep0pYcV4AMNc,482830,4
23,0.606,0.457,6,-14.035,0,0.0497,0.713,2.53e-05,0.0747,0.813,92.033,audio_features,0iOZM63lendWRTTeKhZBSC,spotify:track:0iOZM63lendWRTTeKhZBSC,https://api.spotify.com/v1/tracks/0iOZM63lendWRTTeKhZBSC,https://api.spotify.com/v1/audio-analysis/0iOZM63lendWRTTeKhZBSC,244027,4
24,0.802,0.756,2,-10.791,0,0.0349,0.0843,0.00765,0.0521,0.963,131.715,audio_features,6ztstiyZL6FXzh4aG46ZPD,spotify:track:6ztstiyZL6FXzh4aG46ZPD,https://api.spotify.com/v1/tracks/6ztstiyZL6FXzh4aG46ZPD,https://api.spotify.com/v1/audio-analysis/6ztstiyZL6FXzh4aG46ZPD,288293,4
25,0.633,0.357,5,-9.366,0,0.0264,0.105,0.0,0.133,0.674,104.938,audio_features,2JoZzpdeP2G6Csfdq5aLXP,spotify:track:2JoZzpdeP2G6Csfdq5aLXP,https://api.spotify.com/v1/tracks/2JoZzpdeP2G6Csfdq5aLXP,https://api.spotify.com/v1/audio-analysis/2JoZzpdeP2G6Csfdq5aLXP,245200,4
26,0.729,0.844,5,-8.824,1,0.0344,0.149,2.87e-06,0.0604,0.777,131.459,audio_features,7HW5WIw7ZgZORCzUxv5gW5,spotify:track:7HW5WIw7ZgZORCzUxv5gW5,https://api.spotify.com/v1/tracks/7HW5WIw7ZgZORCzUxv5gW5,https://api.spotify.com/v1/audio-analysis/7HW5WIw7ZgZORCzUxv5gW5,275440,4
27,0.377,0.681,7,-8.039,1,0.0298,0.00088,0.0023,0.0504,0.285,108.789,audio_features,1QEEqeFIZktqIpPI4jSVSF,spotify:track:1QEEqeFIZktqIpPI4jSVSF,https://api.spotify.com/v1/tracks/1QEEqeFIZktqIpPI4jSVSF,https://api.spotify.com/v1/audio-analysis/1QEEqeFIZktqIpPI4jSVSF,285133,4
28,0.414,0.428,0,-11.097,1,0.0278,0.382,0.000243,0.148,0.282,145.075,audio_features,2TVxnKdb3tqe1nhQWwwZCO,spotify:track:2TVxnKdb3tqe1nhQWwwZCO,https://api.spotify.com/v1/tracks/2TVxnKdb3tqe1nhQWwwZCO,https://api.spotify.com/v1/audio-analysis/2TVxnKdb3tqe1nhQWwwZCO,377093,4
29,0.645,0.598,1,-13.18,0,0.0335,0.221,3.53e-06,0.0721,0.913,105.929,audio_features,7Ar4G7Ci11gpt6sfH9Cgz5,spotify:track:7Ar4G7Ci11gpt6sfH9Cgz5,https://api.spotify.com/v1/tracks/7Ar4G7Ci11gpt6sfH9Cgz5,https://api.spotify.com/v1/audio-analysis/7Ar4G7Ci11gpt6sfH9Cgz5,227267,4
30,0.365,0.338,2,-13.406,1,0.0322,0.735,0.0,0.104,0.446,79.241,audio_features,52VIdyKqp1pJRSyUQaxKUA,spotify:track:52VIdyKqp1pJRSyUQaxKUA,https://api.spotify.com/v1/tracks/52VIdyKqp1pJRSyUQaxKUA,https://api.spotify.com/v1/audio-analysis/52VIdyKqp1pJRSyUQaxKUA,187000,4
31,0.589,0.384,10,-15.075,0,0.0332,0.112,2.8e-05,0.0596,0.354,132.909,audio_features,1JQ6Xm1JrvHfvAqhl5pwaA,spotify:track:1JQ6Xm1JrvHfvAqhl5pwaA,https://api.spotify.com/v1/tracks/1JQ6Xm1JrvHfvAqhl5pwaA,https://api.spotify.com/v1/audio-analysis/1JQ6Xm1JrvHfvAqhl5pwaA,256427,4
32,0.531,0.818,2,-5.358,1,0.0452,0.0694,0.0096,0.263,0.471,90.767,audio_features,6XUHsYE38CEbYunT983O9G,spotify:track:6XUHsYE38CEbYunT983O9G,https://api.spotify.com/v1/tracks/6XUHsYE38CEbYunT983O9G,https://api.spotify.com/v1/audio-analysis/6XUHsYE38CEbYunT983O9G,248173,4
33,0.575,0.912,7,-7.275,0,0.0393,0.0916,0.00211,0.0562,0.843,117.399,audio_features,4nXkbcTj3nyww1cHkw5RAP,spotify:track:4nXkbcTj3nyww1cHkw5RAP,https://api.spotify.com/v1/tracks/4nXkbcTj3nyww1cHkw5RAP,https://api.spotify.com/v1/audio-analysis/4nXkbcTj3nyww1cHkw5RAP,207267,4
34,0.573,0.683,5,-6.644,1,0.176,0.461,0.0,0.0935,0.817,169.519,audio_features,0qRR9d89hIS0MHRkQ0ejxX,spotify:track:0qRR9d89hIS0MHRkQ0ejxX,https://api.spotify.com/v1/tracks/0qRR9d89hIS0MHRkQ0ejxX,https://api.spotify.com/v1/audio-analysis/0qRR9d89hIS0MHRkQ0ejxX,142787,4
35,0.596,0.605,7,-12.145,1,0.0255,0.181,0.000331,0.0863,0.886,97.798,audio_features,7e89621JPkKaeDSTQ3avtg,spotify:track:7e89621JPkKaeDSTQ3avtg,https://api.spotify.com/v1/tracks/7e89621JPkKaeDSTQ3avtg,https://api.spotify.com/v1/audio-analysis/7e89621JPkKaeDSTQ3avtg,283800,4
36,0.575,0.67,7,-10.39,1,0.0318,0.343,4.95e-06,0.129,0.74,139.191,audio_features,4yugZvBYaoREkJKtbG08Qr,spotify:track:4yugZvBYaoREkJKtbG08Qr,https://api.spotify.com/v1/tracks/4yugZvBYaoREkJKtbG08Qr,https://api.spotify.com/v1/audio-analysis/4yugZvBYaoREkJKtbG08Qr,211578,4
37,0.54,0.688,1,-9.021,0,0.0331,0.0812,0.0,0.0857,0.564,120.981,audio_features,0KZodeWxqxd88F9wY1cqgs,spotify:track:0KZodeWxqxd88F9wY1cqgs,https://api.spotify.com/v1/tracks/0KZodeWxqxd88F9wY1cqgs,https://api.spotify.com/v1/audio-analysis/0KZodeWxqxd88F9wY1cqgs,281232,4
38,0.414,0.404,0,-9.928,0,0.0499,0.271,0.0,0.3,0.224,71.105,audio_features,4u7EnebtmKWzUH433cf5Qv,spotify:track:4u7EnebtmKWzUH433cf5Qv,https://api.spotify.com/v1/tracks/4u7EnebtmKWzUH433cf5Qv,https://api.spotify.com/v1/audio-analysis/4u7EnebtmKWzUH433cf5Qv,354320,4
39,0.586,0.7,0,-9.558,1,0.0363,0.0589,0.00125,0.0318,0.897,147.245,audio_features,1HOMkjp0nHMaTnfAkslCQj,spotify:track:1HOMkjp0nHMaTnfAkslCQj,https://api.spotify.com/v1/tracks/1HOMkjp0nHMaTnfAkslCQj,https://api.spotify.com/v1/audio-analysis/1HOMkjp0nHMaTnfAkslCQj,295400,4
40,0.609,0.617,9,-7.091,1,0.0307,0.0994,0.00404,0.118,0.543,128.903,audio_features,0jvN7eQJJt4nxQzgQfZ1SP,spotify:track:0jvN7eQJJt4nxQzgQfZ1SP,https://api.spotify.com/v1/tracks/0jvN7eQJJt4nxQzgQfZ1SP,https://api.spotify.com/v1/audio-analysis/0jvN7eQJJt4nxQzgQfZ1SP,242893,4
41,0.624,0.645,7,-6.532,1,0.0337,0.196,4.2e-05,0.25,0.344,111.99,audio_features,1WEyvo9S5BzQ62zViom9Rx,spotify:track:1WEyvo9S5BzQ62zViom9Rx,https://api.spotify.com/v1/tracks/1WEyvo9S5BzQ62zViom9Rx,https://api.spotify.com/v1/audio-analysis/1WEyvo9S5BzQ62zViom9Rx,165011,4
42,0.618,0.748,0,-8.905,1,0.358,0.0384,4.1e-06,0.0473,0.663,134.114,audio_features,3EYOJ48Et32uATr9ZmLnAo,spotify:track:3EYOJ48Et32uATr9ZmLnAo,https://api.spotify.com/v1/tracks/3EYOJ48Et32uATr9ZmLnAo,https://api.spotify.com/v1/audio-analysis/3EYOJ48Et32uATr9ZmLnAo,191947,4
43,0.633,0.634,8,-12.115,1,0.0725,0.038,0.0064,0.0385,0.872,100.499,audio_features,1h2xVEoJORqrg71HocgqXd,spotify:track:1h2xVEoJORqrg71HocgqXd,https://api.spotify.com/v1/tracks/1h2xVEoJORqrg71HocgqXd,https://api.spotify.com/v1/audio-analysis/1h2xVEoJORqrg71HocgqXd,245493,4
44,0.445,0.706,8,-9.803,1,0.0461,0.234,0.000252,0.205,0.768,80.823,audio_features,43DeSV93pJPT4lCZaWZ6b1,spotify:track:43DeSV93pJPT4lCZaWZ6b1,https://api.spotify.com/v1/tracks/43DeSV93pJPT4lCZaWZ6b1,https://api.spotify.com/v1/audio-analysis/43DeSV93pJPT4lCZaWZ6b1,266720,4
45,0.758,0.378,8,-15.308,0,0.0449,0.284,0.0,0.049,0.985,120.736,audio_features,2yBVeksU2EtrPJbTu4ZslK,spotify:track:2yBVeksU2EtrPJbTu4ZslK,https://api.spotify.com/v1/tracks/2yBVeksU2EtrPJbTu4ZslK,https://api.spotify.com/v1/audio-analysis/2yBVeksU2EtrPJbTu4ZslK,223867,4
46,0.547,0.257,0,-12.358,1,0.0252,0.907,0.183,0.0935,0.169,75.752,audio_features,7pKfPomDEeI4TPT6EOYjn9,spotify:track:7pKfPomDEeI4TPT6EOYjn9,https://api.spotify.com/v1/tracks/7pKfPomDEeI4TPT6EOYjn9,https://api.spotify.com/v1/audio-analysis/7pKfPomDEeI4TPT6EOYjn9,187867,4
47,0.491,0.583,7,-10.964,1,0.0376,0.185,0.0,0.406,0.908,150.566,audio_features,3yrSvpt2l1xhsV9Em88Pul,spotify:track:3yrSvpt2l1xhsV9Em88Pul,https://api.spotify.com/v1/tracks/3yrSvpt2l1xhsV9Em88Pul,https://api.spotify.com/v1/audio-analysis/3yrSvpt2l1xhsV9Em88Pul,183307,4
48,0.619,0.22,0,-13.843,1,0.0672,0.782,1.19e-05,0.124,0.426,75.143,audio_features,3M8FzayQWtkvOhqMn2V4T2,spotify:track:3M8FzayQWtkvOhqMn2V4T2,https://api.spotify.com/v1/tracks/3M8FzayQWtkvOhqMn2V4T2,https://api.spotify.com/v1/audio-analysis/3M8FzayQWtkvOhqMn2V4T2,258835,4
49,0.823,0.743,0,-13.98,1,0.0316,0.00559,0.0306,0.0707,0.966,120.471,audio_features,2zMJN9JvDlvGP4jB03l1Bz,spotify:track:2zMJN9JvDlvGP4jB03l1Bz,https://api.spotify.com/v1/tracks/2zMJN9JvDlvGP4jB03l1Bz,https://api.spotify.com/v1/audio-analysis/2zMJN9JvDlvGP4jB03l1Bz,314760,4
50,0.758,0.683,7,-11.521,1,0.0314,0.135,0.000227,0.345,0.924,129.251,audio_features,2Pzhx26KqgTTKnko0uC7F7,spotify:track:2Pzhx26KqgTTKnko0uC7F7,https://api.spotify.com/v1/tracks/2Pzhx26KqgTTKnko0uC7F7,https://api.spotify.com/v1/audio-analysis/2Pzhx26KqgTTKnko0uC7F7,239611,4
51,0.768,0.852,4,-6.215,1,0.038,0.214,7.36e-05,0.0723,0.867,128.373,audio_features,07q0QVgO56EorrSGHC48y3,spotify:track:07q0QVgO56EorrSGHC48y3,https://api.spotify.com/v1/tracks/07q0QVgO56EorrSGHC48y3,https://api.spotify.com/v1/audio-analysis/07q0QVgO56EorrSGHC48y3,271240,4
52,0.559,0.868,5,-5.276,1,0.17,0.0475,0.000176,0.776,0.609,156.295,audio_features,5T8EDUDqKcs6OSOwEsfqG7,spotify:track:5T8EDUDqKcs6OSOwEsfqG7,https://api.spotify.com/v1/tracks/5T8EDUDqKcs6OSOwEsfqG7,https://api.spotify.com/v1/audio-analysis/5T8EDUDqKcs6OSOwEsfqG7,209413,4
53,0.497,0.349,7,-14.0,1,0.0297,0.0929,0.028,0.259,0.421,113.762,audio_features,3V07f70cRjUDg4KqDzHhFg,spotify:track:3V07f70cRjUDg4KqDzHhFg,https://api.spotify.com/v1/tracks/3V07f70cRjUDg4KqDzHhFg,https://api.spotify.com/v1/audio-analysis/3V07f70cRjUDg4KqDzHhFg,365627,4
54,0.506,0.765,7,-8.242,1,0.0304,0.0434,0.161,0.27,0.611,112.631,audio_features,6PUeRHhaxl66nRbY9dPuOP,spotify:track:6PUeRHhaxl66nRbY9dPuOP,https://api.spotify.com/v1/tracks/6PUeRHhaxl66nRbY9dPuOP,https://api.spotify.com/v1/audio-analysis/6PUeRHhaxl66nRbY9dPuOP,217360,4
55,0.489,0.349,2,-14.295,0,0.0323,0.676,0.0789,0.0866,0.622,124.348,audio_features,4YMQXzscifAREG0a7KNGhB,spotify:track:4YMQXzscifAREG0a7KNGhB,https://api.spotify.com/v1/tracks/4YMQXzscifAREG0a7KNGhB,https://api.spotify.com/v1/audio-analysis/4YMQXzscifAREG0a7KNGhB,196467,4
56,0.597,0.271,5,-17.293,1,0.0394,0.766,0.0119,0.0933,0.338,76.271,audio_features,1oht5GevPN9t1T3kG1m1GO,spotify:track:1oht5GevPN9t1T3kG1m1GO,https://api.spotify.com/v1/tracks/1oht5GevPN9t1T3kG1m1GO,https://api.spotify.com/v1/audio-analysis/1oht5GevPN9t1T3kG1m1GO,203613,4
57,0.404,0.902,1,-3.88,1,0.0665,0.577,0.297,0.287,0.497,115.669,audio_features,2kkvB3RNRzwjFdGhaUA0tz,spotify:track:2kkvB3RNRzwjFdGhaUA0tz,https://api.spotify.com/v1/tracks/2kkvB3RNRzwjFdGhaUA0tz,https://api.spotify.com/v1/audio-analysis/2kkvB3RNRzwjFdGhaUA0tz,423840,4
58,0.577,0.808,1,-7.04,0,0.039,0.0338,1.33e-05,0.221,0.869,151.008,audio_features,1oYYd2gnWZYrt89EBXdFiO,spotify:track:1oYYd2gnWZYrt89EBXdFiO,https://api.spotify.com/v1/tracks/1oYYd2gnWZYrt89EBXdFiO,https://api.spotify.com/v1/audio-analysis/1oYYd2gnWZYrt89EBXdFiO,290280,4
59,0.404,0.523,4,-15.7,1,0.0575,0.685,0.000498,0.282,0.164,133.738,audio_features,5HQEmiV2lKnSO6qa2fsR7x,spotify:track:5HQEmiV2lKnSO6qa2fsR7x,https://api.spotify.com/v1/tracks/5HQEmiV2lKnSO6qa2fsR7x,https://api.spotify.com/v1/audio-analysis/5HQEmiV2lKnSO6qa2fsR7x,366640,4
60,0.647,0.868,0,-6.427,0,0.106,0.088,0.124,0.129,0.804,121.82,audio_features,3pf96IFggfQuT6Gafqx2rt,spotify:track:3pf96IFggfQuT6Gafqx2rt,https://api.spotify.com/v1/tracks/3pf96IFggfQuT6Gafqx2rt,https://api.spotify.com/v1/audio-analysis/3pf96IFggfQuT6Gafqx2rt,242240,4
61,0.333,0.927,9,-8.55,0,0.0733,0.0029,0.000208,0.297,0.385,141.466,audio_features,5QTxFnGygVM4jFQiBovmRo,spotify:track:5QTxFnGygVM4jFQiBovmRo,https://api.spotify.com/v1/tracks/5QTxFnGygVM4jFQiBovmRo,https://api.spotify.com/v1/audio-analysis/5QTxFnGygVM4jFQiBovmRo,308120,4
62,0.783,0.322,0,-15.091,1,0.0343,0.213,0.00243,0.114,0.77,128.226,audio_features,5wnIDrgujfOoHAHXVRpUMF,spotify:track:5wnIDrgujfOoHAHXVRpUMF,https://api.spotify.com/v1/tracks/5wnIDrgujfOoHAHXVRpUMF,https://api.spotify.com/v1/audio-analysis/5wnIDrgujfOoHAHXVRpUMF,267773,4
63,0.655,0.606,7,-10.385,1,0.0285,0.0603,0.0789,0.0757,0.765,110.061,audio_features,608xszaAxVh4m7NcKJiAbF,spotify:track:608xszaAxVh4m7NcKJiAbF,https://api.spotify.com/v1/tracks/608xszaAxVh4m7NcKJiAbF,https://api.spotify.com/v1/audio-analysis/608xszaAxVh4m7NcKJiAbF,291686,4
64,0.596,0.448,5,-9.616,1,0.0396,0.365,5.3e-06,0.206,0.796,83.293,audio_features,1bp2IO61zbQrbWNmKKxg3f,spotify:track:1bp2IO61zbQrbWNmKKxg3f,https://api.spotify.com/v1/tracks/1bp2IO61zbQrbWNmKKxg3f,https://api.spotify.com/v1/audio-analysis/1bp2IO61zbQrbWNmKKxg3f,264504,4
65,0.469,0.382,2,-13.203,1,0.0374,0.364,0.00025,0.36,0.178,149.994,audio_features,6Hu6dzwlvoyg3zBUC8k4BK,spotify:track:6Hu6dzwlvoyg3zBUC8k4BK,https://api.spotify.com/v1/tracks/6Hu6dzwlvoyg3zBUC8k4BK,https://api.spotify.com/v1/audio-analysis/6Hu6dzwlvoyg3zBUC8k4BK,256147,4
66,0.268,0.459,10,-6.94,1,0.0346,0.378,0.0,0.118,0.175,64.177,audio_features,1lCRw5FEZ1gPDNPzy1K4zW,spotify:track:1lCRw5FEZ1gPDNPzy1K4zW,https://api.spotify.com/v1/tracks/1lCRw5FEZ1gPDNPzy1K4zW,https://api.spotify.com/v1/audio-analysis/1lCRw5FEZ1gPDNPzy1K4zW,179200,4
67,0.589,0.453,7,-8.912,1,0.0397,0.703,2.54e-05,0.134,0.513,139.148,audio_features,49MHCPzvMLXhRjDantBMVH,spotify:track:49MHCPzvMLXhRjDantBMVH,https://api.spotify.com/v1/tracks/49MHCPzvMLXhRjDantBMVH,https://api.spotify.com/v1/audio-analysis/49MHCPzvMLXhRjDantBMVH,290573,4
68,0.549,0.651,0,-7.097,1,0.0323,0.583,0.0,0.121,0.368,122.818,audio_features,2hdNya0b6Cc2YJ8IyaQIWp,spotify:track:2hdNya0b6Cc2YJ8IyaQIWp,https://api.spotify.com/v1/tracks/2hdNya0b6Cc2YJ8IyaQIWp,https://api.spotify.com/v1/audio-analysis/2hdNya0b6Cc2YJ8IyaQIWp,212307,4
69,0.498,0.723,10,-8.053,1,0.05,0.238,0.0,0.353,0.882,153.227,audio_features,6JHXiRD1QjMK1N6AQEnL04,spotify:track:6JHXiRD1QjMK1N6AQEnL04,https://api.spotify.com/v1/tracks/6JHXiRD1QjMK1N6AQEnL04,https://api.spotify.com/v1/audio-analysis/6JHXiRD1QjMK1N6AQEnL04,324040,4
70,0.523,0.341,4,-14.034,1,0.0388,0.313,0.000114,0.621,0.355,77.487,audio_features,5dFoWIiJ2814hRwMYDcFiU,spotify:track:5dFoWIiJ2814hRwMYDcFiU,https://api.spotify.com/v1/tracks/5dFoWIiJ2814hRwMYDcFiU,https://api.spotify.com/v1/audio-analysis/5dFoWIiJ2814hRwMYDcFiU,313373,4
71,0.641,0.497,7,-12.228,0,0.029,0.254,2.15e-06,0.158,0.743,102.274,audio_features,0YO8KsprTrEUEvJevpI7Na,spotify:track:0YO8KsprTrEUEvJevpI7Na,https://api.spotify.com/v1/tracks/0YO8KsprTrEUEvJevpI7Na,https://api.spotify.com/v1/audio-analysis/0YO8KsprTrEUEvJevpI7Na,236733,4
72,0.734,0.485,4,-13.865,0,0.0465,0.357,0.00019,0.0401,0.933,95.321,audio_features,5GvWrvLIqoHroq7YvO260M,spotify:track:5GvWrvLIqoHroq7YvO260M,https://api.spotify.com/v1/tracks/5GvWrvLIqoHroq7YvO260M,https://api.spotify.com/v1/audio-analysis/5GvWrvLIqoHroq7YvO260M,222280,4
73,0.646,0.602,5,-10.238,0,0.0758,0.0599,1.7e-05,0.0956,0.543,156.101,audio_features,41sGGCCoHI2GLV9qadX80A,spotify:track:41sGGCCoHI2GLV9qadX80A,https://api.spotify.com/v1/tracks/41sGGCCoHI2GLV9qadX80A,https://api.spotify.com/v1/audio-analysis/41sGGCCoHI2GLV9qadX80A,255845,4
74,0.786,0.469,2,-11.336,1,0.105,0.00776,0.0,0.0834,0.8,119.929,audio_features,2ZMEdXxVSRfMshCDBMjt0o,spotify:track:2ZMEdXxVSRfMshCDBMjt0o,https://api.spotify.com/v1/tracks/2ZMEdXxVSRfMshCDBMjt0o,https://api.spotify.com/v1/audio-analysis/2ZMEdXxVSRfMshCDBMjt0o,334000,4
75,0.542,0.444,4,-11.567,0,0.0295,0.212,0.0519,0.102,0.827,171.719,audio_features,5IRWgQiN0c2i4U97iE3OoY,spotify:track:5IRWgQiN0c2i4U97iE3OoY,https://api.spotify.com/v1/tracks/5IRWgQiN0c2i4U97iE3OoY,https://api.spotify.com/v1/audio-analysis/5IRWgQiN0c2i4U97iE3OoY,187013,4
76,0.354,0.731,2,-9.178,1,0.0382,0.0812,0.00124,0.115,0.697,170.633,audio_features,6DmfWj5kOa1fX8AwN9byOn,spotify:track:6DmfWj5kOa1fX8AwN9byOn,https://api.spotify.com/v1/tracks/6DmfWj5kOa1fX8AwN9byOn,https://api.spotify.com/v1/audio-analysis/6DmfWj5kOa1fX8AwN9byOn,471160,4
77,0.654,0.929,1,-5.906,1,0.0998,0.0468,0.0,0.0539,0.902,144.774,audio_features,6KTv0Z8BmVqM7DPxbGzpVC,spotify:track:6KTv0Z8BmVqM7DPxbGzpVC,https://api.spotify.com/v1/tracks/6KTv0Z8BmVqM7DPxbGzpVC,https://api.spotify.com/v1/audio-analysis/6KTv0Z8BmVqM7DPxbGzpVC,168840,4
78,0.55,0.726,2,-8.51,1,0.0516,0.146,0.00608,0.428,0.37,92.697,audio_features,3LQPTJEqOfljGBxmpgUnoC,spotify:track:3LQPTJEqOfljGBxmpgUnoC,https://api.spotify.com/v1/tracks/3LQPTJEqOfljGBxmpgUnoC,https://api.spotify.com/v1/audio-analysis/3LQPTJEqOfljGBxmpgUnoC,307493,4
79,0.477,0.479,7,-11.887,0,0.0483,0.0649,0.029,0.0906,0.662,122.531,audio_features,5UuikgHTxSRFRnC0zXx10i,spotify:track:5UuikgHTxSRFRnC0zXx10i,https://api.spotify.com/v1/tracks/5UuikgHTxSRFRnC0zXx10i,https://api.spotify.com/v1/audio-analysis/5UuikgHTxSRFRnC0zXx10i,396187,4
80,0.795,0.564,7,-10.482,1,0.0392,0.0934,0.000531,0.0631,0.961,124.166,audio_features,1b7LMtXCXGc2EwOIplI35z,spotify:track:1b7LMtXCXGc2EwOIplI35z,https://api.spotify.com/v1/tracks/1b7LMtXCXGc2EwOIplI35z,https://api.spotify.com/v1/audio-analysis/1b7LMtXCXGc2EwOIplI35z,203893,4
81,0.489,0.724,5,-8.367,1,0.0352,0.313,0.185,0.287,0.15,117.292,audio_features,3qiyyUfYe7CRYLucrPmulD,spotify:track:3qiyyUfYe7CRYLucrPmulD,https://api.spotify.com/v1/tracks/3qiyyUfYe7CRYLucrPmulD,https://api.spotify.com/v1/audio-analysis/3qiyyUfYe7CRYLucrPmulD,300400,4
82,0.43,0.463,2,-10.96,1,0.0442,0.303,5.84e-05,0.152,0.66,93.405,audio_features,1IqFh00G2kvvMm8pRMpehA,spotify:track:1IqFh00G2kvvMm8pRMpehA,https://api.spotify.com/v1/tracks/1IqFh00G2kvvMm8pRMpehA,https://api.spotify.com/v1/audio-analysis/1IqFh00G2kvvMm8pRMpehA,271333,4
83,0.662,0.763,0,-7.475,1,0.0397,0.132,0.0013,0.067,0.699,126.333,audio_features,3DnzFhjydj8XXtCAnVKz14,spotify:track:3DnzFhjydj8XXtCAnVKz14,https://api.spotify.com/v1/tracks/3DnzFhjydj8XXtCAnVKz14,https://api.spotify.com/v1/audio-analysis/3DnzFhjydj8XXtCAnVKz14,254400,4
84,0.598,0.676,0,-9.211,1,0.0279,0.13,0.225,0.112,0.805,114.169,audio_features,5MMnwYs0hIxkENRsbkWJ2G,spotify:track:5MMnwYs0hIxkENRsbkWJ2G,https://api.spotify.com/v1/tracks/5MMnwYs0hIxkENRsbkWJ2G,https://api.spotify.com/v1/audio-analysis/5MMnwYs0hIxkENRsbkWJ2G,340742,4
85,0.699,0.502,9,-12.526,1,0.0278,0.0607,0.0337,0.317,0.676,105.266,audio_features,3ykSdTGmYPFl8pDBXer1zG,spotify:track:3ykSdTGmYPFl8pDBXer1zG,https://api.spotify.com/v1/tracks/3ykSdTGmYPFl8pDBXer1zG,https://api.spotify.com/v1/audio-analysis/3ykSdTGmYPFl8pDBXer1zG,221640,4
86,0.41,0.761,4,-9.453,0,0.0687,0.0685,0.00772,0.0758,0.392,132.923,audio_features,0YveezON7jpiaHA8fnUHxN,spotify:track:0YveezON7jpiaHA8fnUHxN,https://api.spotify.com/v1/tracks/0YveezON7jpiaHA8fnUHxN,https://api.spotify.com/v1/audio-analysis/0YveezON7jpiaHA8fnUHxN,510573,4
87,0.525,0.902,2,-8.662,1,0.0368,0.000989,0.691,0.137,0.907,146.83,audio_features,1r8oPEXqnhUVgkUkJNqEuF,spotify:track:1r8oPEXqnhUVgkUkJNqEuF,https://api.spotify.com/v1/tracks/1r8oPEXqnhUVgkUkJNqEuF,https://api.spotify.com/v1/audio-analysis/1r8oPEXqnhUVgkUkJNqEuF,204621,4
88,0.577,0.808,1,-7.04,0,0.039,0.0338,1.33e-05,0.221,0.869,151.008,audio_features,1oYYd2gnWZYrt89EBXdFiO,spotify:track:1oYYd2gnWZYrt89EBXdFiO,https://api.spotify.com/v1/tracks/1oYYd2gnWZYrt89EBXdFiO,https://api.spotify.com/v1/audio-analysis/1oYYd2gnWZYrt89EBXdFiO,290280,4
89,0.326,0.872,2,-7.602,1,0.122,0.214,0.0,0.461,0.492,173.381,audio_features,2g7gviEeJr6pyxO7G35EWQ,spotify:track:2g7gviEeJr6pyxO7G35EWQ,https://api.spotify.com/v1/tracks/2g7gviEeJr6pyxO7G35EWQ,https://api.spotify.com/v1/audio-analysis/2g7gviEeJr6pyxO7G35EWQ,508333,4
90,0.543,0.529,7,-9.717,1,0.0301,0.326,0.00269,0.709,0.746,85.126,audio_features,3KPwt1LBpt1jVSHz8GXERo,spotify:track:3KPwt1LBpt1jVSHz8GXERo,https://api.spotify.com/v1/tracks/3KPwt1LBpt1jVSHz8GXERo,https://api.spotify.com/v1/audio-analysis/3KPwt1LBpt1jVSHz8GXERo,313840,4
91,0.513,0.396,7,-13.061,1,0.0299,0.251,0.177,0.11,0.229,140.208,audio_features,6HSXNV0b4M4cLJ7ljgVVeh,spotify:track:6HSXNV0b4M4cLJ7ljgVVeh,https://api.spotify.com/v1/tracks/6HSXNV0b4M4cLJ7ljgVVeh,https://api.spotify.com/v1/audio-analysis/6HSXNV0b4M4cLJ7ljgVVeh,149880,4
92,0.548,0.691,4,-13.553,0,0.0369,0.015,0.106,0.144,0.667,137.145,audio_features,4KfSdst7rW39C0sfhArdrz,spotify:track:4KfSdst7rW39C0sfhArdrz,https://api.spotify.com/v1/tracks/4KfSdst7rW39C0sfhArdrz,https://api.spotify.com/v1/audio-analysis/4KfSdst7rW39C0sfhArdrz,261933,4
93,0.605,0.574,2,-10.536,1,0.0377,0.559,0.113,0.0684,0.543,129.449,audio_features,6rovOdp3HgK1DeAMYDzoA7,spotify:track:6rovOdp3HgK1DeAMYDzoA7,https://api.spotify.com/v1/tracks/6rovOdp3HgK1DeAMYDzoA7,https://api.spotify.com/v1/audio-analysis/6rovOdp3HgK1DeAMYDzoA7,350267,4
94,0.27,0.944,4,-4.199,1,0.0975,0.00501,2.05e-05,0.116,0.606,146.347,audio_features,6hTcuIQa0sxrrByu9wTD7s,spotify:track:6hTcuIQa0sxrrByu9wTD7s,https://api.spotify.com/v1/tracks/6hTcuIQa0sxrrByu9wTD7s,https://api.spotify.com/v1/audio-analysis/6hTcuIQa0sxrrByu9wTD7s,269920,4
95,0.442,0.793,11,-5.378,0,0.0354,0.0557,0.0,0.0934,0.547,123.67,audio_features,1A3OA6zON5HHueFm4ejrRF,spotify:track:1A3OA6zON5HHueFm4ejrRF,https://api.spotify.com/v1/tracks/1A3OA6zON5HHueFm4ejrRF,https://api.spotify.com/v1/audio-analysis/1A3OA6zON5HHueFm4ejrRF,202867,4
96,0.633,0.934,0,-3.594,1,0.0344,0.219,0.00021,0.0592,0.963,128.606,audio_features,61UuPxxYUvacEH6SHIK3sU,spotify:track:61UuPxxYUvacEH6SHIK3sU,https://api.spotify.com/v1/tracks/61UuPxxYUvacEH6SHIK3sU,https://api.spotify.com/v1/audio-analysis/61UuPxxYUvacEH6SHIK3sU,228667,4
97,0.601,0.0303,0,-29.182,1,0.0365,0.93,0.535,0.1,0.0849,99.481,audio_features,4j2bQkwIEO7QzAdjJ4txVm,spotify:track:4j2bQkwIEO7QzAdjJ4txVm,https://api.spotify.com/v1/tracks/4j2bQkwIEO7QzAdjJ4txVm,https://api.spotify.com/v1/audio-analysis/4j2bQkwIEO7QzAdjJ4txVm,191293,4
98,0.385,0.783,9,-2.533,1,0.233,0.000269,0.47,0.108,0.902,176.701,audio_features,4KcH1ZRV2W1q7Flq0QqC76,spotify:track:4KcH1ZRV2W1q7Flq0QqC76,https://api.spotify.com/v1/tracks/4KcH1ZRV2W1q7Flq0QqC76,https://api.spotify.com/v1/audio-analysis/4KcH1ZRV2W1q7Flq0QqC76,134467,4
99,0.329,0.179,5,-11.589,1,0.0299,0.933,5.04e-06,0.115,0.255,154.175,audio_features,2BlNyI35idBaI6BN6WGZeQ,spotify:track:2BlNyI35idBaI6BN6WGZeQ,https://api.spotify.com/v1/tracks/2BlNyI35idBaI6BN6WGZeQ,https://api.spotify.com/v1/audio-analysis/2BlNyI35idBaI6BN6WGZeQ,217387,4
100,0.421,0.661,9,-13.126,1,0.0433,0.414,1.16e-06,0.0962,0.554,100.965,audio_features,6Vcwr9tb3ZLO63F8DL8cqu,spotify:track:6Vcwr9tb3ZLO63F8DL8cqu,https://api.spotify.com/v1/tracks/6Vcwr9tb3ZLO63F8DL8cqu,https://api.spotify.com/v1/audio-analysis/6Vcwr9tb3ZLO63F8DL8cqu,341627,4
101,0.598,0.797,7,-6.793,1,0.0332,0.0424,0.000407,0.0717,0.622,123.566,audio_features,3Bh6uInhcVBVvLraGZdkKD,spotify:track:3Bh6uInhcVBVvLraGZdkKD,https://api.spotify.com/v1/tracks/3Bh6uInhcVBVvLraGZdkKD,https://api.spotify.com/v1/audio-analysis/3Bh6uInhcVBVvLraGZdkKD,147493,4
102,0.551,0.628,2,-13.799,1,0.036,0.0336,0.000194,0.151,0.777,142.167,audio_features,0vLwL4xuJ3s7SeaCdvMqkY,spotify:track:0vLwL4xuJ3s7SeaCdvMqkY,https://api.spotify.com/v1/tracks/0vLwL4xuJ3s7SeaCdvMqkY,https://api.spotify.com/v1/audio-analysis/0vLwL4xuJ3s7SeaCdvMqkY,212893,4
103,0.721,0.521,2,-8.123,1,0.0613,0.0708,0.00545,0.127,0.942,123.118,audio_features,1i6N76fftMZhijOzFQ5ZtL,spotify:track:1i6N76fftMZhijOzFQ5ZtL,https://api.spotify.com/v1/tracks/1i6N76fftMZhijOzFQ5ZtL,https://api.spotify.com/v1/audio-analysis/1i6N76fftMZhijOzFQ5ZtL,261413,4
104,0.694,0.577,4,-14.63,1,0.0308,0.015,0.00836,0.0853,0.845,114.478,audio_features,0a4agFmqHXxcZl1nho1BxM,spotify:track:0a4agFmqHXxcZl1nho1BxM,https://api.spotify.com/v1/tracks/0a4agFmqHXxcZl1nho1BxM,https://api.spotify.com/v1/audio-analysis/0a4agFmqHXxcZl1nho1BxM,275733,4
105,0.443,0.403,0,-8.339,1,0.0322,0.631,0.0,0.111,0.41,143.462,audio_features,7iN1s7xHE4ifF5povM6A48,spotify:track:7iN1s7xHE4ifF5povM6A48,https://api.spotify.com/v1/tracks/7iN1s7xHE4ifF5povM6A48,https://api.spotify.com/v1/audio-analysis/7iN1s7xHE4ifF5povM6A48,243027,4
106,0.619,0.579,4,-9.307,1,0.0473,0.0152,6.4e-05,0.0858,0.69,127.224,audio_features,4alHo6RGd0D3OUbTPExTHN,spotify:track:4alHo6RGd0D3OUbTPExTHN,https://api.spotify.com/v1/tracks/4alHo6RGd0D3OUbTPExTHN,https://api.spotify.com/v1/audio-analysis/4alHo6RGd0D3OUbTPExTHN,225627,4
107,0.479,0.309,11,-14.751,0,0.0299,0.153,0.22,0.134,0.182,127.155,audio_features,7Fg4jpwpkdkGCvq1rrXnvx,spotify:track:7Fg4jpwpkdkGCvq1rrXnvx,https://api.spotify.com/v1/tracks/7Fg4jpwpkdkGCvq1rrXnvx,https://api.spotify.com/v1/audio-analysis/7Fg4jpwpkdkGCvq1rrXnvx,379213,4
108,0.526,0.509,7,-10.893,1,0.0628,0.6,0.0,0.144,0.497,138.318,audio_features,2QgWuCtBpNIpl5trmKCxRf,spotify:track:2QgWuCtBpNIpl5trmKCxRf,https://api.spotify.com/v1/tracks/2QgWuCtBpNIpl5trmKCxRf,https://api.spotify.com/v1/audio-analysis/2QgWuCtBpNIpl5trmKCxRf,515867,4
109,0.249,0.834,0,-8.21,1,0.0577,0.0738,9.48e-05,0.0924,0.338,118.223,audio_features,5EWPGh7jbTNO2wakv8LjUI,spotify:track:5EWPGh7jbTNO2wakv8LjUI,https://api.spotify.com/v1/tracks/5EWPGh7jbTNO2wakv8LjUI,https://api.spotify.com/v1/audio-analysis/5EWPGh7jbTNO2wakv8LjUI,547107,4
110,0.429,0.668,4,-7.539,0,0.044,0.208,0.0,0.538,0.398,77.737,audio_features,0WNGPpmWqzPnk0psUhJ3SX,spotify:track:0WNGPpmWqzPnk0psUhJ3SX,https://api.spotify.com/v1/tracks/0WNGPpmWqzPnk0psUhJ3SX,https://api.spotify.com/v1/audio-analysis/0WNGPpmWqzPnk0psUhJ3SX,211067,4
111,0.572,0.214,7,-15.625,1,0.0293,0.649,0.129,0.125,0.485,95.542,audio_features,6zC0mpGYwbNTpk9SKwh08f,spotify:track:6zC0mpGYwbNTpk9SKwh08f,https://api.spotify.com/v1/tracks/6zC0mpGYwbNTpk9SKwh08f,https://api.spotify.com/v1/audio-analysis/6zC0mpGYwbNTpk9SKwh08f,225027,4
112,0.653,0.73,5,-10.613,1,0.0429,0.0115,1.02e-05,0.0776,0.894,108.709,audio_features,4JfuiOWlWCkjP6OKurHjSn,spotify:track:4JfuiOWlWCkjP6OKurHjSn,https://api.spotify.com/v1/tracks/4JfuiOWlWCkjP6OKurHjSn,https://api.spotify.com/v1/audio-analysis/4JfuiOWlWCkjP6OKurHjSn,220311,4
113,0.437,0.864,4,-7.842,0,0.0904,0.396,0.0314,0.242,0.749,81.394,audio_features,3qT4bUD1MaWpGrTwcvguhb,spotify:track:3qT4bUD1MaWpGrTwcvguhb,https://api.spotify.com/v1/tracks/3qT4bUD1MaWpGrTwcvguhb,https://api.spotify.com/v1/audio-analysis/3qT4bUD1MaWpGrTwcvguhb,295387,4
114,0.665,0.673,0,-7.95,1,0.0493,0.259,7.62e-06,0.497,0.779,132.642,audio_features,5Wj1rJnCLpMHdLaxsFtJLs,spotify:track:5Wj1rJnCLpMHdLaxsFtJLs,https://api.spotify.com/v1/tracks/5Wj1rJnCLpMHdLaxsFtJLs,https://api.spotify.com/v1/audio-analysis/5Wj1rJnCLpMHdLaxsFtJLs,322549,4
115,0.34,0.429,10,-7.916,1,0.0275,0.338,0.0,0.0819,0.349,103.082,audio_features,0YKUxdIOWYXnkenH5A7d7N,spotify:track:0YKUxdIOWYXnkenH5A7d7N,https://api.spotify.com/v1/tracks/0YKUxdIOWYXnkenH5A7d7N,https://api.spotify.com/v1/audio-analysis/0YKUxdIOWYXnkenH5A7d7N,170760,4
116,0.541,0.647,3,-9.715,1,0.0599,0.0948,4.3e-06,0.0576,0.642,168.809,audio_features,627teoJpK7qZOxRRY8TNnv,spotify:track:627teoJpK7qZOxRRY8TNnv,https://api.spotify.com/v1/tracks/627teoJpK7qZOxRRY8TNnv,https://api.spotify.com/v1/audio-analysis/627teoJpK7qZOxRRY8TNnv,291360,4
117,0.586,0.48,9,-9.138,1,0.0243,0.385,0.0,0.0947,0.488,79.873,audio_features,2ph0hzV1kCVhR82E2La4q5,spotify:track:2ph0hzV1kCVhR82E2La4q5,https://api.spotify.com/v1/tracks/2ph0hzV1kCVhR82E2La4q5,https://api.spotify.com/v1/audio-analysis/2ph0hzV1kCVhR82E2La4q5,324440,4
118,0.533,0.157,2,-16.838,1,0.0374,0.888,0.0,0.108,0.587,134.019,audio_features,7uWFUpGuEfmxYeymkV95jn,spotify:track:7uWFUpGuEfmxYeymkV95jn,https://api.spotify.com/v1/tracks/7uWFUpGuEfmxYeymkV95jn,https://api.spotify.com/v1/audio-analysis/7uWFUpGuEfmxYeymkV95jn,148587,3
119,0.683,0.518,5,-10.532,0,0.101,0.142,0.000558,0.101,0.581,155.305,audio_features,2pWAhUk33TSo3KU55AGoZw,spotify:track:2pWAhUk33TSo3KU55AGoZw,https://api.spotify.com/v1/tracks/2pWAhUk33TSo3KU55AGoZw,https://api.spotify.com/v1/audio-analysis/2pWAhUk33TSo3KU55AGoZw,252373,4
120,0.47,0.396,11,-11.941,1,0.0359,0.673,4.36e-05,0.67,0.426,93.644,audio_features,29dW0oJmJC8gw3FpJs5kqS,spotify:track:29dW0oJmJC8gw3FpJs5kqS,https://api.spotify.com/v1/tracks/29dW0oJmJC8gw3FpJs5kqS,https://api.spotify.com/v1/audio-analysis/29dW0oJmJC8gw3FpJs5kqS,207307,3
121,0.756,0.401,7,-10.702,0,0.0526,0.582,0.011,0.0541,0.514,101.954,audio_features,63xdwScd1Ai1GigAwQxE8y,spotify:track:63xdwScd1Ai1GigAwQxE8y,https://api.spotify.com/v1/tracks/63xdwScd1Ai1GigAwQxE8y,https://api.spotify.com/v1/audio-analysis/63xdwScd1Ai1GigAwQxE8y,199396,4
122,0.729,0.78,5,-7.604,1,0.0631,0.114,0.106,0.0759,0.795,111.833,audio_features,3mWpUEBYnv9SIFWfixSJFx,spotify:track:3mWpUEBYnv9SIFWfixSJFx,https://api.spotify.com/v1/tracks/3mWpUEBYnv9SIFWfixSJFx,https://api.spotify.com/v1/audio-analysis/3mWpUEBYnv9SIFWfixSJFx,274000,4
123,0.476,0.381,5,-10.238,0,0.0342,0.727,0.0,0.0614,0.33,121.948,audio_features,3gsCAGsWr6pUm1Vy7CPPob,spotify:track:3gsCAGsWr6pUm1Vy7CPPob,https://api.spotify.com/v1/tracks/3gsCAGsWr6pUm1Vy7CPPob,https://api.spotify.com/v1/audio-analysis/3gsCAGsWr6pUm1Vy7CPPob,286920,4
124,0.381,0.186,4,-15.477,1,0.029,0.613,2.75e-06,0.0694,0.142,65.058,audio_features,6MrILERJLA3Jcq0E9poZsp,spotify:track:6MrILERJLA3Jcq0E9poZsp,https://api.spotify.com/v1/tracks/6MrILERJLA3Jcq0E9poZsp,https://api.spotify.com/v1/audio-analysis/6MrILERJLA3Jcq0E9poZsp,201000,4
125,0.376,0.373,7,-9.184,0,0.0305,0.827,0.832,0.15,0.111,116.074,audio_features,0AQqrtK1pULuwZUXhwaaDz,spotify:track:0AQqrtK1pULuwZUXhwaaDz,https://api.spotify.com/v1/tracks/0AQqrtK1pULuwZUXhwaaDz,https://api.spotify.com/v1/audio-analysis/0AQqrtK1pULuwZUXhwaaDz,430000,4
126,0.523,0.694,0,-7.262,1,0.0353,0.0231,0.0234,0.206,0.697,130.024,audio_features,3V398efQMKBD0gTsb51vpD,spotify:track:3V398efQMKBD0gTsb51vpD,https://api.spotify.com/v1/tracks/3V398efQMKBD0gTsb51vpD,https://api.spotify.com/v1/audio-analysis/3V398efQMKBD0gTsb51vpD,193200,4
127,0.388,0.176,9,-16.952,1,0.0299,0.912,0.000336,0.0977,0.342,97.628,audio_features,1Fu3gq55GH3P6OF352rEIc,spotify:track:1Fu3gq55GH3P6OF352rEIc,https://api.spotify.com/v1/tracks/1Fu3gq55GH3P6OF352rEIc,https://api.spotify.com/v1/audio-analysis/1Fu3gq55GH3P6OF352rEIc,155773,4
128,0.45,0.442,9,-12.718,0,0.0353,0.493,0.00564,0.134,0.812,208.282,audio_features,12q3V8ShACq2PSWINMc2rC,spotify:track:12q3V8ShACq2PSWINMc2rC,https://api.spotify.com/v1/tracks/12q3V8ShACq2PSWINMc2rC,https://api.spotify.com/v1/audio-analysis/12q3V8ShACq2PSWINMc2rC,233173,4
129,0.554,0.315,3,-11.028,1,0.0298,0.828,5.53e-06,0.101,0.325,128.157,audio_features,38zsOOcu31XbbYj9BIPUF1,spotify:track:38zsOOcu31XbbYj9BIPUF1,https://api.spotify.com/v1/tracks/38zsOOcu31XbbYj9BIPUF1,https://api.spotify.com/v1/audio-analysis/38zsOOcu31XbbYj9BIPUF1,241787,4
130,0.707,0.346,11,-12.397,0,0.0251,0.69,0.145,0.1,0.49,85.094,audio_features,02BsTeJE4q5gWOTt58ur5U,spotify:track:02BsTeJE4q5gWOTt58ur5U,https://api.spotify.com/v1/tracks/02BsTeJE4q5gWOTt58ur5U,https://api.spotify.com/v1/audio-analysis/02BsTeJE4q5gWOTt58ur5U,295050,4
131,0.564,0.539,10,-7.121,0,0.035,0.174,0.0,0.132,0.591,90.246,audio_features,1aHN4KZgBH11bS4tcnFThh,spotify:track:1aHN4KZgBH11bS4tcnFThh,https://api.spotify.com/v1/tracks/1aHN4KZgBH11bS4tcnFThh,https://api.spotify.com/v1/audio-analysis/1aHN4KZgBH11bS4tcnFThh,277200,4
132,0.519,0.46,11,-14.53,1,0.0688,0.823,5.97e-05,0.243,0.675,132.082,audio_features,0n2pjCIMKwHSXoYfEbYMfX,spotify:track:0n2pjCIMKwHSXoYfEbYMfX,https://api.spotify.com/v1/tracks/0n2pjCIMKwHSXoYfEbYMfX,https://api.spotify.com/v1/audio-analysis/0n2pjCIMKwHSXoYfEbYMfX,178200,4
133,0.267,0.204,2,-13.714,1,0.0317,0.527,0.0,0.0924,0.0903,169.486,audio_features,5W7YROOF6bFfBexY81LFjt,spotify:track:5W7YROOF6bFfBexY81LFjt,https://api.spotify.com/v1/tracks/5W7YROOF6bFfBexY81LFjt,https://api.spotify.com/v1/audio-analysis/5W7YROOF6bFfBexY81LFjt,265973,4
134,0.528,0.472,7,-10.428,1,0.0267,0.583,0.0,0.129,0.251,134.099,audio_features,4Anh5Ti55P6SXG3H94QLqV,spotify:track:4Anh5Ti55P6SXG3H94QLqV,https://api.spotify.com/v1/tracks/4Anh5Ti55P6SXG3H94QLqV,https://api.spotify.com/v1/audio-analysis/4Anh5Ti55P6SXG3H94QLqV,183187,3
135,0.354,0.535,9,-8.876,1,0.0303,0.627,2.9e-06,0.0808,0.434,110.821,audio_features,4BM8yJ0PzBi2ZewpMTOxtx,spotify:track:4BM8yJ0PzBi2ZewpMTOxtx,https://api.spotify.com/v1/tracks/4BM8yJ0PzBi2ZewpMTOxtx,https://api.spotify.com/v1/audio-analysis/4BM8yJ0PzBi2ZewpMTOxtx,252960,4
136,0.35,0.443,7,-11.01,1,0.0369,0.762,0.00192,0.0994,0.345,189.125,audio_features,7i3xpu7SFWvzhGa9AZyySR,spotify:track:7i3xpu7SFWvzhGa9AZyySR,https://api.spotify.com/v1/tracks/7i3xpu7SFWvzhGa9AZyySR,https://api.spotify.com/v1/audio-analysis/7i3xpu7SFWvzhGa9AZyySR,257869,4
137,0.689,0.2,9,-18.634,1,0.0309,0.795,0.0327,0.0893,0.478,91.787,audio_features,6zV8IpLvw0tkRSVCFQJB1y,spotify:track:6zV8IpLvw0tkRSVCFQJB1y,https://api.spotify.com/v1/tracks/6zV8IpLvw0tkRSVCFQJB1y,https://api.spotify.com/v1/audio-analysis/6zV8IpLvw0tkRSVCFQJB1y,268867,4
138,0.43,0.374,11,-9.949,1,0.0292,0.372,0.379,0.316,0.191,128.56,audio_features,6OuRbvP4PgbuzBIapVzmFJ,spotify:track:6OuRbvP4PgbuzBIapVzmFJ,https://api.spotify.com/v1/tracks/6OuRbvP4PgbuzBIapVzmFJ,https://api.spotify.com/v1/audio-analysis/6OuRbvP4PgbuzBIapVzmFJ,277960,4
139,0.772,0.633,0,-10.24,1,0.0334,0.0375,0.0168,0.0497,0.969,115.601,audio_features,7bznzicO9bLBhe6SufE0Vw,spotify:track:7bznzicO9bLBhe6SufE0Vw,https://api.spotify.com/v1/tracks/7bznzicO9bLBhe6SufE0Vw,https://api.spotify.com/v1/audio-analysis/7bznzicO9bLBhe6SufE0Vw,218707,4
140,0.424,0.443,6,-13.45,1,0.0382,0.532,0.000389,0.673,0.391,131.675,audio_features,3cfnGXJ9bmiWvFqEO6ff8B,spotify:track:3cfnGXJ9bmiWvFqEO6ff8B,https://api.spotify.com/v1/tracks/3cfnGXJ9bmiWvFqEO6ff8B,https://api.spotify.com/v1/audio-analysis/3cfnGXJ9bmiWvFqEO6ff8B,278040,4
141,0.473,0.263,8,-10.684,1,0.0336,0.88,4.41e-05,0.123,0.461,169.094,audio_features,1qhp5owrFGeZ5Jgin28nwR,spotify:track:1qhp5owrFGeZ5Jgin28nwR,https://api.spotify.com/v1/tracks/1qhp5owrFGeZ5Jgin28nwR,https://api.spotify.com/v1/audio-analysis/1qhp5owrFGeZ5Jgin28nwR,308973,4
142,0.467,0.367,9,-8.164,1,0.0298,0.771,2.27e-05,0.0847,0.205,70.856,audio_features,3SPcBPzvbmWLl8NU5efx4W,spotify:track:3SPcBPzvbmWLl8NU5efx4W,https://api.spotify.com/v1/tracks/3SPcBPzvbmWLl8NU5efx4W,https://api.spotify.com/v1/audio-analysis/3SPcBPzvbmWLl8NU5efx4W,280360,4
143,0.294,0.528,8,-10.01,1,0.0471,0.234,0.0,0.147,0.452,200.813,audio_features,6Ro2z4RtAUew9Kz2HZWZUi,spotify:track:6Ro2z4RtAUew9Kz2HZWZUi,https://api.spotify.com/v1/tracks/6Ro2z4RtAUew9Kz2HZWZUi,https://api.spotify.com/v1/audio-analysis/6Ro2z4RtAUew9Kz2HZWZUi,284907,3
144,0.775,0.647,8,-10.832,1,0.0952,0.0836,0.0,0.0791,0.888,113.297,audio_features,0bfmfUQQ291rU0BUxc33u0,spotify:track:0bfmfUQQ291rU0BUxc33u0,https://api.spotify.com/v1/tracks/0bfmfUQQ291rU0BUxc33u0,https://api.spotify.com/v1/audio-analysis/0bfmfUQQ291rU0BUxc33u0,214200,4
145,0.554,0.571,0,-12.016,1,0.0616,0.108,2.67e-06,0.0951,0.772,116.408,audio_features,3bFK0tj9d6IWdAUSX3oylo,spotify:track:3bFK0tj9d6IWdAUSX3oylo,https://api.spotify.com/v1/tracks/3bFK0tj9d6IWdAUSX3oylo,https://api.spotify.com/v1/audio-analysis/3bFK0tj9d6IWdAUSX3oylo,194653,4
146,0.758,0.653,0,-11.03,1,0.0457,0.0115,0.000657,0.217,0.809,124.552,audio_features,0DaWFvmuXEKCru9kZ83oFa,spotify:track:0DaWFvmuXEKCru9kZ83oFa,https://api.spotify.com/v1/tracks/0DaWFvmuXEKCru9kZ83oFa,https://api.spotify.com/v1/audio-analysis/0DaWFvmuXEKCru9kZ83oFa,283467,4
147,0.427,0.459,9,-12.442,0,0.0332,0.116,0.000103,0.132,0.383,129.878,audio_features,5zH710lFSLtkHbMkslLDjR,spotify:track:5zH710lFSLtkHbMkslLDjR,https://api.spotify.com/v1/tracks/5zH710lFSLtkHbMkslLDjR,https://api.spotify.com/v1/audio-analysis/5zH710lFSLtkHbMkslLDjR,293440,4
148,0.779,0.542,9,-15.137,0,0.0515,0.0358,0.000659,0.33,0.647,116.284,audio_features,6fw12s3vAJQAt7lbICodwC,spotify:track:6fw12s3vAJQAt7lbICodwC,https://api.spotify.com/v1/tracks/6fw12s3vAJQAt7lbICodwC,https://api.spotify.com/v1/audio-analysis/6fw12s3vAJQAt7lbICodwC,198373,4
149,0.414,0.161,7,-22.32,0,0.0318,0.883,0.000223,0.117,0.423,159.375,audio_features,5ihS6UUlyQAfmp48eSkxuQ,spotify:track:5ihS6UUlyQAfmp48eSkxuQ,https://api.spotify.com/v1/tracks/5ihS6UUlyQAfmp48eSkxuQ,https://api.spotify.com/v1/audio-analysis/5ihS6UUlyQAfmp48eSkxuQ,199493,4
150,0.694,0.831,9,-7.288,1,0.0301,0.165,0.000892,0.25,0.98,125.901,audio_features,7Cuk8jsPPoNYQWXK9XRFvG,spotify:track:7Cuk8jsPPoNYQWXK9XRFvG,https://api.spotify.com/v1/tracks/7Cuk8jsPPoNYQWXK9XRFvG,https://api.spotify.com/v1/audio-analysis/7Cuk8jsPPoNYQWXK9XRFvG,215080,4
151,0.48,0.427,7,-7.961,1,0.0243,0.00315,0.00442,0.338,0.148,80.078,audio_features,11lz5IuUrg2qVuNrGPRVq2,spotify:track:11lz5IuUrg2qVuNrGPRVq2,https://api.spotify.com/v1/tracks/11lz5IuUrg2qVuNrGPRVq2,https://api.spotify.com/v1/audio-analysis/11lz5IuUrg2qVuNrGPRVq2,233293,4
152,0.765,0.416,11,-15.521,0,0.0674,0.0125,0.00471,0.0742,0.932,117.375,audio_features,12ucCd1VANzNJSCMQ5UMvO,spotify:track:12ucCd1VANzNJSCMQ5UMvO,https://api.spotify.com/v1/tracks/12ucCd1VANzNJSCMQ5UMvO,https://api.spotify.com/v1/audio-analysis/12ucCd1VANzNJSCMQ5UMvO,307973,4
153,0.491,0.738,2,-7.04,1,0.0335,0.0152,0.168,0.2,0.51,148.003,audio_features,7itr4N5bXkAWesPUomCNf7,spotify:track:7itr4N5bXkAWesPUomCNf7,https://api.spotify.com/v1/tracks/7itr4N5bXkAWesPUomCNf7,https://api.spotify.com/v1/audio-analysis/7itr4N5bXkAWesPUomCNf7,502600,4
154,0.531,0.607,4,-9.602,0,0.0328,0.0114,0.00511,0.121,0.534,116.652,audio_features,5jYYumalS1qELrcChOCZrK,spotify:track:5jYYumalS1qELrcChOCZrK,https://api.spotify.com/v1/tracks/5jYYumalS1qELrcChOCZrK,https://api.spotify.com/v1/audio-analysis/5jYYumalS1qELrcChOCZrK,401400,4
155,0.489,0.389,4,-11.653,0,0.0284,0.877,0.32,0.105,0.254,131.366,audio_features,3D9iV6cYkYJRAPFO6DRKIE,spotify:track:3D9iV6cYkYJRAPFO6DRKIE,https://api.spotify.com/v1/tracks/3D9iV6cYkYJRAPFO6DRKIE,https://api.spotify.com/v1/audio-analysis/3D9iV6cYkYJRAPFO6DRKIE,257787,4
156,0.677,0.705,2,-10.202,1,0.0515,0.612,0.000346,0.118,0.835,124.485,audio_features,0LfiPrJKVVpnkXUcLLMzOo,spotify:track:0LfiPrJKVVpnkXUcLLMzOo,https://api.spotify.com/v1/tracks/0LfiPrJKVVpnkXUcLLMzOo,https://api.spotify.com/v1/audio-analysis/0LfiPrJKVVpnkXUcLLMzOo,249600,4
157,0.73,0.639,7,-11.025,0,0.0524,0.0853,0.00221,0.102,0.658,94.395,audio_features,0UOxp1BpnD8uPQMKU4wKjz,spotify:track:0UOxp1BpnD8uPQMKU4wKjz,https://api.spotify.com/v1/tracks/0UOxp1BpnD8uPQMKU4wKjz,https://api.spotify.com/v1/audio-analysis/0UOxp1BpnD8uPQMKU4wKjz,263747,4
158,0.472,0.373,3,-12.98,1,0.0262,0.872,0.206,0.147,0.459,135.193,audio_features,2JWKzkQbYsNzx019WyGzaH,spotify:track:2JWKzkQbYsNzx019WyGzaH,https://api.spotify.com/v1/tracks/2JWKzkQbYsNzx019WyGzaH,https://api.spotify.com/v1/audio-analysis/2JWKzkQbYsNzx019WyGzaH,288267,4
159,0.733,0.795,1,-7.224,0,0.0249,0.0266,0.000948,0.083,0.892,109.122,audio_features,5KgbyD2lQQlIupAaPjgiXg,spotify:track:5KgbyD2lQQlIupAaPjgiXg,https://api.spotify.com/v1/tracks/5KgbyD2lQQlIupAaPjgiXg,https://api.spotify.com/v1/audio-analysis/5KgbyD2lQQlIupAaPjgiXg,212253,4
160,0.633,0.634,8,-12.115,1,0.0725,0.038,0.0064,0.0385,0.872,100.499,audio_features,1h2xVEoJORqrg71HocgqXd,spotify:track:1h2xVEoJORqrg71HocgqXd,https://api.spotify.com/v1/tracks/1h2xVEoJORqrg71HocgqXd,https://api.spotify.com/v1/audio-analysis/1h2xVEoJORqrg71HocgqXd,245493,4
161,0.283,0.716,1,-9.632,0,0.0986,0.447,0.0,0.399,0.828,201.96,audio_features,3Um9toULmYFGCpvaIPFw7l,spotify:track:3Um9toULmYFGCpvaIPFw7l,https://api.spotify.com/v1/tracks/3Um9toULmYFGCpvaIPFw7l,https://api.spotify.com/v1/audio-analysis/3Um9toULmYFGCpvaIPFw7l,233000,4
162,0.471,0.494,7,-10.407,1,0.0312,0.387,0.0944,0.617,0.373,79.255,audio_features,1Qa0Y05al633fG8f9Peytc,spotify:track:1Qa0Y05al633fG8f9Peytc,https://api.spotify.com/v1/tracks/1Qa0Y05al633fG8f9Peytc,https://api.spotify.com/v1/audio-analysis/1Qa0Y05al633fG8f9Peytc,229827,4
163,0.566,0.585,9,-7.532,1,0.032,0.106,0.0,0.23,0.75,126.1,audio_features,57TaM8GozkJBz90xvQ1xME,spotify:track:57TaM8GozkJBz90xvQ1xME,https://api.spotify.com/v1/tracks/57TaM8GozkJBz90xvQ1xME,https://api.spotify.com/v1/audio-analysis/57TaM8GozkJBz90xvQ1xME,207173,4
164,0.635,0.686,9,-15.648,1,0.053,0.209,0.0176,0.282,0.464,125.988,audio_features,2EC9IJj7g0mN1Q5VrZkiYY,spotify:track:2EC9IJj7g0mN1Q5VrZkiYY,https://api.spotify.com/v1/tracks/2EC9IJj7g0mN1Q5VrZkiYY,https://api.spotify.com/v1/audio-analysis/2EC9IJj7g0mN1Q5VrZkiYY,274747,4
165,0.486,0.449,5,-10.298,1,0.0267,0.166,2.23e-06,0.54,0.549,100.456,audio_features,0pQskrTITgmCMyr85tb9qq,spotify:track:0pQskrTITgmCMyr85tb9qq,https://api.spotify.com/v1/tracks/0pQskrTITgmCMyr85tb9qq,https://api.spotify.com/v1/audio-analysis/0pQskrTITgmCMyr85tb9qq,254293,4
166,0.565,0.615,4,-10.793,1,0.0384,0.0487,1.93e-06,0.16,0.591,143.928,audio_features,2dtK02TSAuTvVYU2wGAVG0,spotify:track:2dtK02TSAuTvVYU2wGAVG0,https://api.spotify.com/v1/tracks/2dtK02TSAuTvVYU2wGAVG0,https://api.spotify.com/v1/audio-analysis/2dtK02TSAuTvVYU2wGAVG0,234040,4
167,0.592,0.398,2,-10.81,0,0.0678,0.357,0.000925,0.119,0.204,150.038,audio_features,1qjrYozGqc7upUgfN776lZ,spotify:track:1qjrYozGqc7upUgfN776lZ,https://api.spotify.com/v1/tracks/1qjrYozGqc7upUgfN776lZ,https://api.spotify.com/v1/audio-analysis/1qjrYozGqc7upUgfN776lZ,185293,3
168,0.369,0.954,5,-4.7,1,0.122,0.0107,0.183,0.901,0.508,139.831,audio_features,65Zm7arwnvJIwtAWaoM0Xx,spotify:track:65Zm7arwnvJIwtAWaoM0Xx,https://api.spotify.com/v1/tracks/65Zm7arwnvJIwtAWaoM0Xx,https://api.spotify.com/v1/audio-analysis/65Zm7arwnvJIwtAWaoM0Xx,255680,4
169,0.247,0.307,7,-13.16,1,0.0371,0.648,2.43e-05,0.281,0.403,161.982,audio_features,6cZrsaNb4Zo9E5KHk7gcz5,spotify:track:6cZrsaNb4Zo9E5KHk7gcz5,https://api.spotify.com/v1/tracks/6cZrsaNb4Zo9E5KHk7gcz5,https://api.spotify.com/v1/audio-analysis/6cZrsaNb4Zo9E5KHk7gcz5,235640,3
170,0.714,0.937,6,-2.947,1,0.0399,0.206,0.0,0.0731,0.964,124.13,audio_features,5EOoMWIB9iK4ZpcSex9Ec7,spotify:track:5EOoMWIB9iK4ZpcSex9Ec7,https://api.spotify.com/v1/tracks/5EOoMWIB9iK4ZpcSex9Ec7,https://api.spotify.com/v1/audio-analysis/5EOoMWIB9iK4ZpcSex9Ec7,194147,4
171,0.731,0.804,11,-7.621,0,0.0473,0.172,0.00028,0.0685,0.957,107.383,audio_features,7GVUmCP00eSsqc4tzj1sDD,spotify:track:7GVUmCP00eSsqc4tzj1sDD,https://api.spotify.com/v1/tracks/7GVUmCP00eSsqc4tzj1sDD,https://api.spotify.com/v1/audio-analysis/7GVUmCP00eSsqc4tzj1sDD,205933,4
172,0.505,0.476,2,-12.897,1,0.0711,0.25,0.00915,0.113,0.542,99.31,audio_features,2wvMC5EyaaYQwBfiwwY2xE,spotify:track:2wvMC5EyaaYQwBfiwwY2xE,https://api.spotify.com/v1/tracks/2wvMC5EyaaYQwBfiwwY2xE,https://api.spotify.com/v1/audio-analysis/2wvMC5EyaaYQwBfiwwY2xE,536227,4
173,0.552,0.443,9,-9.113,0,0.0453,0.0563,0.000173,0.0864,0.543,129.888,audio_features,2SL0h7FKhJ1O5DcvmvPqU5,spotify:track:2SL0h7FKhJ1O5DcvmvPqU5,https://api.spotify.com/v1/tracks/2SL0h7FKhJ1O5DcvmvPqU5,https://api.spotify.com/v1/audio-analysis/2SL0h7FKhJ1O5DcvmvPqU5,166653,4
174,0.345,0.745,2,-11.021,1,0.0327,0.365,0.735,0.19,0.879,105.058,audio_features,2tVQhBSJ1SQtb4gX0taaiR,spotify:track:2tVQhBSJ1SQtb4gX0taaiR,https://api.spotify.com/v1/tracks/2tVQhBSJ1SQtb4gX0taaiR,https://api.spotify.com/v1/audio-analysis/2tVQhBSJ1SQtb4gX0taaiR,450600,4
175,0.543,0.87,9,-6.514,1,0.0428,0.358,0.000939,0.792,0.754,100.804,audio_features,0GjEhVFGZW8afUYGChu3Rr,spotify:track:0GjEhVFGZW8afUYGChu3Rr,https://api.spotify.com/v1/tracks/0GjEhVFGZW8afUYGChu3Rr,https://api.spotify.com/v1/audio-analysis/0GjEhVFGZW8afUYGChu3Rr,230400,4
176,0.709,0.767,0,-6.732,1,0.0283,0.405,0.000172,0.0592,0.557,115.64,audio_features,1Ryxsiacu8pUXIMCVnIQ8J,spotify:track:1Ryxsiacu8pUXIMCVnIQ8J,https://api.spotify.com/v1/tracks/1Ryxsiacu8pUXIMCVnIQ8J,https://api.spotify.com/v1/audio-analysis/1Ryxsiacu8pUXIMCVnIQ8J,203547,4
177,0.634,0.796,10,-6.374,1,0.031,0.0427,0.0309,0.155,0.565,113.475,audio_features,6BJTagJUFeUxHpVWxTmatw,spotify:track:6BJTagJUFeUxHpVWxTmatw,https://api.spotify.com/v1/tracks/6BJTagJUFeUxHpVWxTmatw,https://api.spotify.com/v1/audio-analysis/6BJTagJUFeUxHpVWxTmatw,274333,3
178,0.375,0.507,7,-13.372,1,0.0414,0.678,0.00139,0.26,0.475,138.216,audio_features,3rGuoVKM5CwEo7eHyeXYIB,spotify:track:3rGuoVKM5CwEo7eHyeXYIB,https://api.spotify.com/v1/tracks/3rGuoVKM5CwEo7eHyeXYIB,https://api.spotify.com/v1/audio-analysis/3rGuoVKM5CwEo7eHyeXYIB,250507,4
179,0.383,0.516,9,-12.032,0,0.0344,0.202,0.193,0.114,0.371,118.144,audio_features,7n3WO6ESKS1uCI9fgkGs66,spotify:track:7n3WO6ESKS1uCI9fgkGs66,https://api.spotify.com/v1/tracks/7n3WO6ESKS1uCI9fgkGs66,https://api.spotify.com/v1/audio-analysis/7n3WO6ESKS1uCI9fgkGs66,224133,4
180,0.452,0.888,3,-7.994,1,0.054,0.0169,0.00341,0.17,0.336,133.883,audio_features,4Vtl42qX97JBj68TKifBHR,spotify:track:4Vtl42qX97JBj68TKifBHR,https://api.spotify.com/v1/tracks/4Vtl42qX97JBj68TKifBHR,https://api.spotify.com/v1/audio-analysis/4Vtl42qX97JBj68TKifBHR,333587,4
181,0.335,0.703,1,-11.863,1,0.0331,0.504,0.00183,0.205,0.963,179.39,audio_features,1nqgtNDixWpKBkCPO8qgIS,spotify:track:1nqgtNDixWpKBkCPO8qgIS,https://api.spotify.com/v1/tracks/1nqgtNDixWpKBkCPO8qgIS,https://api.spotify.com/v1/audio-analysis/1nqgtNDixWpKBkCPO8qgIS,289840,4
182,0.562,0.609,3,-7.063,0,0.0271,0.0264,0.0,0.17,0.512,130.753,audio_features,7vidktgNZFQylTgH1GEnMs,spotify:track:7vidktgNZFQylTgH1GEnMs,https://api.spotify.com/v1/tracks/7vidktgNZFQylTgH1GEnMs,https://api.spotify.com/v1/audio-analysis/7vidktgNZFQylTgH1GEnMs,200213,4
183,0.7,0.726,2,-7.717,1,0.0329,0.434,1.1e-06,0.0963,0.641,130.109,audio_features,6BD1X1PeV5UzYUdiVaD2yL,spotify:track:6BD1X1PeV5UzYUdiVaD2yL,https://api.spotify.com/v1/tracks/6BD1X1PeV5UzYUdiVaD2yL,https://api.spotify.com/v1/audio-analysis/6BD1X1PeV5UzYUdiVaD2yL,243267,4
184,0.647,0.89,9,-7.307,1,0.0937,0.0592,0.241,0.188,0.743,124.914,audio_features,0AgJGo7JNWYBeHqbdzCXC0,spotify:track:0AgJGo7JNWYBeHqbdzCXC0,https://api.spotify.com/v1/tracks/0AgJGo7JNWYBeHqbdzCXC0,https://api.spotify.com/v1/audio-analysis/0AgJGo7JNWYBeHqbdzCXC0,193515,4
185,0.425,0.878,4,-7.017,1,0.0461,0.123,0.000536,0.249,0.856,153.121,audio_features,6Qs5u9Tqh1rm1ljdr1ckhw,spotify:track:6Qs5u9Tqh1rm1ljdr1ckhw,https://api.spotify.com/v1/tracks/6Qs5u9Tqh1rm1ljdr1ckhw,https://api.spotify.com/v1/audio-analysis/6Qs5u9Tqh1rm1ljdr1ckhw,269191,4
186,0.446,0.68,11,-9.949,0,0.115,0.458,0.0,0.0711,0.825,176.325,audio_features,74jtieTD4GbZSwfCfmaFxz,spotify:track:74jtieTD4GbZSwfCfmaFxz,https://api.spotify.com/v1/tracks/74jtieTD4GbZSwfCfmaFxz,https://api.spotify.com/v1/audio-analysis/74jtieTD4GbZSwfCfmaFxz,135326,4
187,0.529,0.59,5,-10.175,0,0.062,0.0448,0.000421,0.105,0.76,152.077,audio_features,6ac4lvV0LKQlbHYXJ7vTDb,spotify:track:6ac4lvV0LKQlbHYXJ7vTDb,https://api.spotify.com/v1/tracks/6ac4lvV0LKQlbHYXJ7vTDb,https://api.spotify.com/v1/audio-analysis/6ac4lvV0LKQlbHYXJ7vTDb,251640,4
188,0.475,0.439,11,-15.039,0,0.0427,0.000146,0.000277,0.223,0.76,118.392,audio_features,0HOrDVS349XFcpCYsO2hAP,spotify:track:0HOrDVS349XFcpCYsO2hAP,https://api.spotify.com/v1/tracks/0HOrDVS349XFcpCYsO2hAP,https://api.spotify.com/v1/audio-analysis/0HOrDVS349XFcpCYsO2hAP,234867,4
189,0.585,0.532,7,-9.673,1,0.0268,0.209,0.00797,0.227,0.68,94.461,audio_features,1hHGUdFaiJHw9hVZGJWYO2,spotify:track:1hHGUdFaiJHw9hVZGJWYO2,https://api.spotify.com/v1/tracks/1hHGUdFaiJHw9hVZGJWYO2,https://api.spotify.com/v1/audio-analysis/1hHGUdFaiJHw9hVZGJWYO2,180067,4
190,0.431,0.174,0,-11.373,1,0.0351,0.418,9.74e-05,0.109,0.144,117.563,audio_features,0Q5YtY85lz5n7rQkeMNpoe,spotify:track:0Q5YtY85lz5n7rQkeMNpoe,https://api.spotify.com/v1/tracks/0Q5YtY85lz5n7rQkeMNpoe,https://api.spotify.com/v1/audio-analysis/0Q5YtY85lz5n7rQkeMNpoe,296172,4
191,0.68,0.777,0,-6.045,1,0.063,0.0506,0.0234,0.0763,0.673,95.37,audio_features,7pbYVcByq72Azqa4BHDuNN,spotify:track:7pbYVcByq72Azqa4BHDuNN,https://api.spotify.com/v1/tracks/7pbYVcByq72Azqa4BHDuNN,https://api.spotify.com/v1/audio-analysis/7pbYVcByq72Azqa4BHDuNN,236013,4
192,0.812,0.507,1,-8.825,0,0.0452,0.0399,0.0831,0.0671,0.729,114.832,audio_features,4yrM5BVyJzy5Ed4GPO6e8j,spotify:track:4yrM5BVyJzy5Ed4GPO6e8j,https://api.spotify.com/v1/tracks/4yrM5BVyJzy5Ed4GPO6e8j,https://api.spotify.com/v1/audio-analysis/4yrM5BVyJzy5Ed4GPO6e8j,347667,4
193,0.259,0.55,7,-11.353,1,0.0324,0.368,1.63e-06,0.329,0.64,193.147,audio_features,3ao7thlAYIVPJw3e1u51PE,spotify:track:3ao7thlAYIVPJw3e1u51PE,https://api.spotify.com/v1/tracks/3ao7thlAYIVPJw3e1u51PE,https://api.spotify.com/v1/audio-analysis/3ao7thlAYIVPJw3e1u51PE,261067,4
194,0.476,0.766,4,-11.435,1,0.038,0.0446,0.0053,0.214,0.68,137.083,audio_features,1YiAY1oCmkFjUabQL9gos4,spotify:track:1YiAY1oCmkFjUabQL9gos4,https://api.spotify.com/v1/tracks/1YiAY1oCmkFjUabQL9gos4,https://api.spotify.com/v1/audio-analysis/1YiAY1oCmkFjUabQL9gos4,233133,4
195,0.56,0.705,2,-6.761,1,0.0498,0.772,0.00259,0.264,0.501,122.456,audio_features,2kUzt5LsTUR0ggquP7O3eN,spotify:track:2kUzt5LsTUR0ggquP7O3eN,https://api.spotify.com/v1/tracks/2kUzt5LsTUR0ggquP7O3eN,https://api.spotify.com/v1/audio-analysis/2kUzt5LsTUR0ggquP7O3eN,243547,4
196,0.456,0.395,2,-10.129,0,0.0293,0.359,0.000173,0.0984,0.243,132.611,audio_features,7uRcUUmZpU4YVZFNVZnyXd,spotify:track:7uRcUUmZpU4YVZFNVZnyXd,https://api.spotify.com/v1/tracks/7uRcUUmZpU4YVZFNVZnyXd,https://api.spotify.com/v1/audio-analysis/7uRcUUmZpU4YVZFNVZnyXd,195160,4
197,0.837,0.38,7,-13.341,0,0.064,0.541,0.00789,0.198,0.892,104.995,audio_features,1LOZMYF5s8qhW7Rv4w2gun,spotify:track:1LOZMYF5s8qhW7Rv4w2gun,https://api.spotify.com/v1/tracks/1LOZMYF5s8qhW7Rv4w2gun,https://api.spotify.com/v1/audio-analysis/1LOZMYF5s8qhW7Rv4w2gun,267947,4
198,0.637,0.528,1,-9.837,1,0.0394,0.163,0.0,0.122,0.781,106.949,audio_features,6KEWtSOGKpIXGw6l1uJgsR,spotify:track:6KEWtSOGKpIXGw6l1uJgsR,https://api.spotify.com/v1/tracks/6KEWtSOGKpIXGw6l1uJgsR,https://api.spotify.com/v1/audio-analysis/6KEWtSOGKpIXGw6l1uJgsR,207573,4
199,0.737,0.642,9,-9.492,1,0.0916,0.0185,0.00415,0.0726,0.467,106.742,audio_features,1fMGRxKRtIKNyaMMGrzInM,spotify:track:1fMGRxKRtIKNyaMMGrzInM,https://api.spotify.com/v1/tracks/1fMGRxKRtIKNyaMMGrzInM,https://api.spotify.com/v1/audio-analysis/1fMGRxKRtIKNyaMMGrzInM,174667,4
200,0.585,0.685,7,-9.411,1,0.0402,0.556,8.69e-05,0.134,0.799,141.583,audio_features,4JsRR4poQA4L4hpe7fB8P9,spotify:track:4JsRR4poQA4L4hpe7fB8P9,https://api.spotify.com/v1/tracks/4JsRR4poQA4L4hpe7fB8P9,https://api.spotify.com/v1/audio-analysis/4JsRR4poQA4L4hpe7fB8P9,238320,4
201,0.555,0.568,2,-12.205,0,0.0341,0.364,0.00167,0.116,0.583,98.507,audio_features,436yrzQWA32vb1sTZKXg9r,spotify:track:436yrzQWA32vb1sTZKXg9r,https://api.spotify.com/v1/tracks/436yrzQWA32vb1sTZKXg9r,https://api.spotify.com/v1/audio-analysis/436yrzQWA32vb1sTZKXg9r,250889,4
202,0.537,0.77,9,-8.896,0,0.0534,0.193,4.61e-05,0.097,0.644,138.471,audio_features,1uNrJfFUItP86a1m19Yr5n,spotify:track:1uNrJfFUItP86a1m19Yr5n,https://api.spotify.com/v1/tracks/1uNrJfFUItP86a1m19Yr5n,https://api.spotify.com/v1/audio-analysis/1uNrJfFUItP86a1m19Yr5n,195655,4
203,0.618,0.908,7,-5.484,1,0.032,0.491,0.000232,0.0903,0.705,133.299,audio_features,0SvROJ3KYQVlFSdA5cjk6S,spotify:track:0SvROJ3KYQVlFSdA5cjk6S,https://api.spotify.com/v1/tracks/0SvROJ3KYQVlFSdA5cjk6S,https://api.spotify.com/v1/audio-analysis/0SvROJ3KYQVlFSdA5cjk6S,163133,4
204,0.204,0.837,5,-7.618,1,0.0676,0.281,0.00405,0.291,0.392,171.514,audio_features,3mCeeoBvTTpg8Xy2Wuvirw,spotify:track:3mCeeoBvTTpg8Xy2Wuvirw,https://api.spotify.com/v1/tracks/3mCeeoBvTTpg8Xy2Wuvirw,https://api.spotify.com/v1/audio-analysis/3mCeeoBvTTpg8Xy2Wuvirw,590000,4
205,0.545,0.608,0,-9.372,1,0.0369,0.193,0.0699,0.0769,0.681,165.617,audio_features,5CG4RXjli90Zd1KDalPqeK,spotify:track:5CG4RXjli90Zd1KDalPqeK,https://api.spotify.com/v1/tracks/5CG4RXjli90Zd1KDalPqeK,https://api.spotify.com/v1/audio-analysis/5CG4RXjli90Zd1KDalPqeK,232627,4
206,0.274,0.195,5,-15.289,1,0.0339,0.753,0.739,0.0774,0.168,115.227,audio_features,25tZHMv3ctlzqDaHAeuU9c,spotify:track:25tZHMv3ctlzqDaHAeuU9c,https://api.spotify.com/v1/tracks/25tZHMv3ctlzqDaHAeuU9c,https://api.spotify.com/v1/audio-analysis/25tZHMv3ctlzqDaHAeuU9c,284413,4
207,0.355,0.447,9,-13.631,1,0.0894,0.453,0.00225,0.163,0.369,122.473,audio_features,4xHWH1jwV5j4mBYRhxPbwZ,spotify:track:4xHWH1jwV5j4mBYRhxPbwZ,https://api.spotify.com/v1/tracks/4xHWH1jwV5j4mBYRhxPbwZ,https://api.spotify.com/v1/audio-analysis/4xHWH1jwV5j4mBYRhxPbwZ,422853,4
208,0.429,0.343,11,-16.637,0,0.0339,0.265,0.184,0.157,0.313,128.455,audio_features,3zJRvtQkHQRTNEXSY8jQPR,spotify:track:3zJRvtQkHQRTNEXSY8jQPR,https://api.spotify.com/v1/tracks/3zJRvtQkHQRTNEXSY8jQPR,https://api.spotify.com/v1/audio-analysis/3zJRvtQkHQRTNEXSY8jQPR,169560,4
209,0.456,0.894,9,-4.602,1,0.037,0.458,0.485,0.0695,0.926,151.333,audio_features,4Tjs8b6jL1s18sjURJtswp,spotify:track:4Tjs8b6jL1s18sjURJtswp,https://api.spotify.com/v1/tracks/4Tjs8b6jL1s18sjURJtswp,https://api.spotify.com/v1/audio-analysis/4Tjs8b6jL1s18sjURJtswp,241991,4
210,0.48,0.542,0,-8.51,1,0.0348,0.345,0.000609,0.113,0.567,152.853,audio_features,7mjSHL2Eb0kAwiKbvNNyD9,spotify:track:7mjSHL2Eb0kAwiKbvNNyD9,https://api.spotify.com/v1/tracks/7mjSHL2Eb0kAwiKbvNNyD9,https://api.spotify.com/v1/audio-analysis/7mjSHL2Eb0kAwiKbvNNyD9,200560,4
211,0.391,0.375,7,-12.573,1,0.046,0.0797,0.013,0.143,0.116,153.802,audio_features,0VV8wkOM4w78A2OHZOTzNP,spotify:track:0VV8wkOM4w78A2OHZOTzNP,https://api.spotify.com/v1/tracks/0VV8wkOM4w78A2OHZOTzNP,https://api.spotify.com/v1/audio-analysis/0VV8wkOM4w78A2OHZOTzNP,192773,4
212,0.479,0.601,7,-8.806,1,0.0318,0.0832,0.00142,0.11,0.669,124.966,audio_features,1H4idkmruFoJBg1DvUv2tY,spotify:track:1H4idkmruFoJBg1DvUv2tY,https://api.spotify.com/v1/tracks/1H4idkmruFoJBg1DvUv2tY,https://api.spotify.com/v1/audio-analysis/1H4idkmruFoJBg1DvUv2tY,313027,4
213,0.557,0.473,7,-9.294,1,0.0262,0.261,3.95e-05,0.0658,0.56,79.368,audio_features,5coTcHT7K8O3G97y9T4LOU,spotify:track:5coTcHT7K8O3G97y9T4LOU,https://api.spotify.com/v1/tracks/5coTcHT7K8O3G97y9T4LOU,https://api.spotify.com/v1/audio-analysis/5coTcHT7K8O3G97y9T4LOU,150227,4
214,0.69,0.5,4,-16.145,0,0.0909,0.598,0.0288,0.11,0.586,191.539,audio_features,6io0LJIP9ntX35hTfaxwQG,spotify:track:6io0LJIP9ntX35hTfaxwQG,https://api.spotify.com/v1/tracks/6io0LJIP9ntX35hTfaxwQG,https://api.spotify.com/v1/audio-analysis/6io0LJIP9ntX35hTfaxwQG,236093,4
215,0.565,0.542,9,-10.506,1,0.0315,0.53,0.00129,0.0694,0.794,103.966,audio_features,62DOxN9FeTsR0J0ccnBhMu,spotify:track:62DOxN9FeTsR0J0ccnBhMu,https://api.spotify.com/v1/tracks/62DOxN9FeTsR0J0ccnBhMu,https://api.spotify.com/v1/audio-analysis/62DOxN9FeTsR0J0ccnBhMu,525427,4
216,0.427,0.192,9,-14.611,1,0.0285,0.795,2.55e-06,0.314,0.272,91.088,audio_features,1khA4hwhZD4HMecyE1e9U1,spotify:track:1khA4hwhZD4HMecyE1e9U1,https://api.spotify.com/v1/tracks/1khA4hwhZD4HMecyE1e9U1,https://api.spotify.com/v1/audio-analysis/1khA4hwhZD4HMecyE1e9U1,263400,4
217,0.732,0.161,11,-12.817,1,0.0306,0.739,0.000379,0.105,0.5,95.21,audio_features,3zxklD2EGecZre9MjEEvIU,spotify:track:3zxklD2EGecZre9MjEEvIU,https://api.spotify.com/v1/tracks/3zxklD2EGecZre9MjEEvIU,https://api.spotify.com/v1/audio-analysis/3zxklD2EGecZre9MjEEvIU,239400,4
218,0.746,0.703,0,-7.853,1,0.0291,0.0014,0.00414,0.066,0.733,111.569,audio_features,3Ug96zKa29P3vICEEcYajZ,spotify:track:3Ug96zKa29P3vICEEcYajZ,https://api.spotify.com/v1/tracks/3Ug96zKa29P3vICEEcYajZ,https://api.spotify.com/v1/audio-analysis/3Ug96zKa29P3vICEEcYajZ,257160,4
219,0.706,0.686,0,-8.234,1,0.0498,0.273,0.00647,0.16,0.837,116.759,audio_features,29YcYtqUNLWaYvGVGdYtZy,spotify:track:29YcYtqUNLWaYvGVGdYtZy,https://api.spotify.com/v1/tracks/29YcYtqUNLWaYvGVGdYtZy,https://api.spotify.com/v1/audio-analysis/29YcYtqUNLWaYvGVGdYtZy,217373,4
220,0.722,0.542,2,-11.933,1,0.0419,0.512,0.0,0.0579,0.854,125.211,audio_features,6z71JA8AEcnMxWGgDyWa6D,spotify:track:6z71JA8AEcnMxWGgDyWa6D,https://api.spotify.com/v1/tracks/6z71JA8AEcnMxWGgDyWa6D,https://api.spotify.com/v1/audio-analysis/6z71JA8AEcnMxWGgDyWa6D,210040,4
221,0.272,0.876,4,-7.135,0,0.0397,4.18e-05,0.0191,0.146,0.585,102.718,audio_features,2sXtpY9mCTXnUTUSQqrXbX,spotify:track:2sXtpY9mCTXnUTUSQqrXbX,https://api.spotify.com/v1/tracks/2sXtpY9mCTXnUTUSQqrXbX,https://api.spotify.com/v1/audio-analysis/2sXtpY9mCTXnUTUSQqrXbX,591693,4
222,0.604,0.905,4,-7.059,0,0.0578,0.309,0.0632,0.0837,0.723,147.448,audio_features,7GqIDx2QVGOpd4r1fZaUUW,spotify:track:7GqIDx2QVGOpd4r1fZaUUW,https://api.spotify.com/v1/tracks/7GqIDx2QVGOpd4r1fZaUUW,https://api.spotify.com/v1/audio-analysis/7GqIDx2QVGOpd4r1fZaUUW,289800,4
223,0.787,0.704,9,-6.873,0,0.0385,0.535,0.00305,0.089,0.646,120.701,audio_features,3lKN03PDeBnXZS7sDukRBt,spotify:track:3lKN03PDeBnXZS7sDukRBt,https://api.spotify.com/v1/tracks/3lKN03PDeBnXZS7sDukRBt,https://api.spotify.com/v1/audio-analysis/3lKN03PDeBnXZS7sDukRBt,186427,4
224,0.63,0.837,11,-10.307,0,0.0367,0.276,0.0196,0.11,0.909,102.871,audio_features,7MVpa8fSnX7W1OLu31qYL3,spotify:track:7MVpa8fSnX7W1OLu31qYL3,https://api.spotify.com/v1/tracks/7MVpa8fSnX7W1OLu31qYL3,https://api.spotify.com/v1/audio-analysis/7MVpa8fSnX7W1OLu31qYL3,189400,4
225,0.606,0.282,9,-12.207,0,0.0339,0.501,8.3e-06,0.152,0.563,67.409,audio_features,683b4ikwa62JevCjwrmfg6,spotify:track:683b4ikwa62JevCjwrmfg6,https://api.spotify.com/v1/tracks/683b4ikwa62JevCjwrmfg6,https://api.spotify.com/v1/audio-analysis/683b4ikwa62JevCjwrmfg6,274040,4
226,0.402,0.643,5,-8.749,1,0.0317,0.24,3.91e-05,0.118,0.525,150.086,audio_features,5OuaAMBmGjjJMK7yXpaFAK,spotify:track:5OuaAMBmGjjJMK7yXpaFAK,https://api.spotify.com/v1/tracks/5OuaAMBmGjjJMK7yXpaFAK,https://api.spotify.com/v1/audio-analysis/5OuaAMBmGjjJMK7yXpaFAK,199707,4
227,0.741,0.647,2,-12.878,1,0.0427,0.108,0.00139,0.0555,0.804,131.097,audio_features,4ZoBC5MhSEzuknIgAkBaoT,spotify:track:4ZoBC5MhSEzuknIgAkBaoT,https://api.spotify.com/v1/tracks/4ZoBC5MhSEzuknIgAkBaoT,https://api.spotify.com/v1/audio-analysis/4ZoBC5MhSEzuknIgAkBaoT,284000,4
228,0.494,0.54,2,-17.34,1,0.0348,0.154,0.0,0.0878,0.723,134.976,audio_features,1x1XQqhBViz4opcpwc7FVs,spotify:track:1x1XQqhBViz4opcpwc7FVs,https://api.spotify.com/v1/tracks/1x1XQqhBViz4opcpwc7FVs,https://api.spotify.com/v1/audio-analysis/1x1XQqhBViz4opcpwc7FVs,277468,4
229,0.52,0.297,2,-17.211,1,0.0449,0.753,0.000562,0.109,0.677,156.059,audio_features,2OBaVeRFXblWxoZHC4sryf,spotify:track:2OBaVeRFXblWxoZHC4sryf,https://api.spotify.com/v1/tracks/2OBaVeRFXblWxoZHC4sryf,https://api.spotify.com/v1/audio-analysis/2OBaVeRFXblWxoZHC4sryf,202267,4
230,0.935,0.479,11,-10.981,0,0.306,0.107,5.16e-05,0.118,0.773,123.643,audio_features,3GIChxHmuLmBm5PTNZGDtj,spotify:track:3GIChxHmuLmBm5PTNZGDtj,https://api.spotify.com/v1/tracks/3GIChxHmuLmBm5PTNZGDtj,https://api.spotify.com/v1/audio-analysis/3GIChxHmuLmBm5PTNZGDtj,211000,4
231,0.671,0.501,4,-13.119,1,0.0594,0.342,0.0,0.194,0.86,87.04,audio_features,5KqldkCunQ2rWxruMEtGh0,spotify:track:5KqldkCunQ2rWxruMEtGh0,https://api.spotify.com/v1/tracks/5KqldkCunQ2rWxruMEtGh0,https://api.spotify.com/v1/audio-analysis/5KqldkCunQ2rWxruMEtGh0,214880,4
232,0.692,0.497,2,-7.316,1,0.119,0.676,0.0,0.259,0.475,81.308,audio_features,4pbJqGIASGPr0ZpGpnWkDn,spotify:track:4pbJqGIASGPr0ZpGpnWkDn,https://api.spotify.com/v1/tracks/4pbJqGIASGPr0ZpGpnWkDn,https://api.spotify.com/v1/audio-analysis/4pbJqGIASGPr0ZpGpnWkDn,122067,4
233,0.386,0.7,7,-10.816,1,0.0412,0.154,0.0881,0.087,0.769,185.777,audio_features,6gyU6PaPpzTCUYzZcVICwk,spotify:track:6gyU6PaPpzTCUYzZcVICwk,https://api.spotify.com/v1/tracks/6gyU6PaPpzTCUYzZcVICwk,https://api.spotify.com/v1/audio-analysis/6gyU6PaPpzTCUYzZcVICwk,239333,4
234,0.5,0.554,9,-8.108,1,0.0354,0.734,3.72e-06,0.312,0.372,84.229,audio_features,762B4bOcXF7I2Y8UlKTyTy,spotify:track:762B4bOcXF7I2Y8UlKTyTy,https://api.spotify.com/v1/tracks/762B4bOcXF7I2Y8UlKTyTy,https://api.spotify.com/v1/audio-analysis/762B4bOcXF7I2Y8UlKTyTy,326320,4
235,0.297,0.182,1,-10.944,1,0.0298,0.846,0.00267,0.134,0.092,83.391,audio_features,1gJOqXpRjz9GeEEwQpcujK,spotify:track:1gJOqXpRjz9GeEEwQpcujK,https://api.spotify.com/v1/tracks/1gJOqXpRjz9GeEEwQpcujK,https://api.spotify.com/v1/audio-analysis/1gJOqXpRjz9GeEEwQpcujK,159640,3
236,0.373,0.287,9,-13.461,1,0.0306,0.749,9.41e-06,0.102,0.317,86.467,audio_features,7nXZCcFAy1oCKQG2SqLszv,spotify:track:7nXZCcFAy1oCKQG2SqLszv,https://api.spotify.com/v1/tracks/7nXZCcFAy1oCKQG2SqLszv,https://api.spotify.com/v1/audio-analysis/7nXZCcFAy1oCKQG2SqLszv,184427,4
237,0.673,0.581,2,-10.205,1,0.029,0.223,0.000206,0.063,0.818,130.771,audio_features,4IU1RL4BKvFyXtbTwaHAvW,spotify:track:4IU1RL4BKvFyXtbTwaHAvW,https://api.spotify.com/v1/tracks/4IU1RL4BKvFyXtbTwaHAvW,https://api.spotify.com/v1/audio-analysis/4IU1RL4BKvFyXtbTwaHAvW,211387,4
238,0.614,0.763,4,-8.949,0,0.133,0.171,0.0,0.119,0.885,84.236,audio_features,7uPmQttafLiJyju14JREY4,spotify:track:7uPmQttafLiJyju14JREY4,https://api.spotify.com/v1/tracks/7uPmQttafLiJyju14JREY4,https://api.spotify.com/v1/audio-analysis/7uPmQttafLiJyju14JREY4,313707,4
239,0.699,0.641,2,-7.564,1,0.0289,0.13,0.000218,0.0601,0.728,120.745,audio_features,6pxWv6GV35VGmcPf5dh6CH,spotify:track:6pxWv6GV35VGmcPf5dh6CH,https://api.spotify.com/v1/tracks/6pxWv6GV35VGmcPf5dh6CH,https://api.spotify.com/v1/audio-analysis/6pxWv6GV35VGmcPf5dh6CH,187213,4
240,0.678,0.631,11,-8.624,1,0.0301,0.355,0.000268,0.376,0.463,102.378,audio_features,6vZZtivPrtpggT5SSXsYTy,spotify:track:6vZZtivPrtpggT5SSXsYTy,https://api.spotify.com/v1/tracks/6vZZtivPrtpggT5SSXsYTy,https://api.spotify.com/v1/audio-analysis/6vZZtivPrtpggT5SSXsYTy,261560,1
241,0.806,0.462,2,-12.778,1,0.0298,0.78,0.0134,0.15,0.736,92.726,audio_features,1JkZg3eMQTmTn93E8Yd3UL,spotify:track:1JkZg3eMQTmTn93E8Yd3UL,https://api.spotify.com/v1/tracks/1JkZg3eMQTmTn93E8Yd3UL,https://api.spotify.com/v1/audio-analysis/1JkZg3eMQTmTn93E8Yd3UL,191227,4
242,0.688,0.477,0,-11.945,1,0.029,0.38,4.93e-05,0.0864,0.897,132.071,audio_features,1BvJmtaXsqtH438BcDPeBb,spotify:track:1BvJmtaXsqtH438BcDPeBb,https://api.spotify.com/v1/tracks/1BvJmtaXsqtH438BcDPeBb,https://api.spotify.com/v1/audio-analysis/1BvJmtaXsqtH438BcDPeBb,234667,4
243,0.559,0.473,5,-7.712,1,0.0279,0.446,0.00141,0.154,0.397,121.227,audio_features,4IRHwIZHzlHT1FQpRa5RdE,spotify:track:4IRHwIZHzlHT1FQpRa5RdE,https://api.spotify.com/v1/tracks/4IRHwIZHzlHT1FQpRa5RdE,https://api.spotify.com/v1/audio-analysis/4IRHwIZHzlHT1FQpRa5RdE,192827,4
244,0.509,0.827,0,-7.715,1,0.0782,0.0409,0.0,0.12,0.743,135.601,audio_features,1lqMLr9Wj7SM2F9AikGcxN,spotify:track:1lqMLr9Wj7SM2F9AikGcxN,https://api.spotify.com/v1/tracks/1lqMLr9Wj7SM2F9AikGcxN,https://api.spotify.com/v1/audio-analysis/1lqMLr9Wj7SM2F9AikGcxN,512733,4
245,0.149,0.206,3,-13.888,1,0.0323,0.822,0.000649,0.115,0.264,79.764,audio_features,6l8EbYRtQMgKOyc1gcDHF9,spotify:track:6l8EbYRtQMgKOyc1gcDHF9,https://api.spotify.com/v1/tracks/6l8EbYRtQMgKOyc1gcDHF9,https://api.spotify.com/v1/audio-analysis/6l8EbYRtQMgKOyc1gcDHF9,293120,4
246,0.632,0.556,9,-10.138,1,0.0288,0.29,0.0215,0.0779,0.633,104.996,audio_features,3ntrdR24dLkKrzSGRv1FlH,spotify:track:3ntrdR24dLkKrzSGRv1FlH,https://api.spotify.com/v1/tracks/3ntrdR24dLkKrzSGRv1FlH,https://api.spotify.com/v1/audio-analysis/3ntrdR24dLkKrzSGRv1FlH,211667,4
247,0.464,0.46,11,-6.874,1,0.0393,0.717,0.0,0.151,0.476,143.603,audio_features,7JFoeg0arawADjGcz9gBnq,spotify:track:7JFoeg0arawADjGcz9gBnq,https://api.spotify.com/v1/tracks/7JFoeg0arawADjGcz9gBnq,https://api.spotify.com/v1/audio-analysis/7JFoeg0arawADjGcz9gBnq,259093,4
248,0.358,0.387,7,-14.342,1,0.0324,0.746,0.0121,0.119,0.495,181.183,audio_features,1B5Tp2Ml9nLlmTSJx8xVfI,spotify:track:1B5Tp2Ml9nLlmTSJx8xVfI,https://api.spotify.com/v1/tracks/1B5Tp2Ml9nLlmTSJx8xVfI,https://api.spotify.com/v1/audio-analysis/1B5Tp2Ml9nLlmTSJx8xVfI,218440,4
249,0.667,0.755,9,-7.246,1,0.069,0.0966,6.94e-05,0.0523,0.883,109.535,audio_features,6gXrEUzibufX9xYPk3HD5p,spotify:track:6gXrEUzibufX9xYPk3HD5p,https://api.spotify.com/v1/tracks/6gXrEUzibufX9xYPk3HD5p,https://api.spotify.com/v1/audio-analysis/6gXrEUzibufX9xYPk3HD5p,286220,4
250,0.292,0.324,3,-11.996,1,0.0346,0.797,0.000473,0.12,0.384,176.631,audio_features,5RgFlk1fcClZd0Y4SGYhqH,spotify:track:5RgFlk1fcClZd0Y4SGYhqH,https://api.spotify.com/v1/tracks/5RgFlk1fcClZd0Y4SGYhqH,https://api.spotify.com/v1/audio-analysis/5RgFlk1fcClZd0Y4SGYhqH,201373,3
251,0.441,0.547,4,-12.222,1,0.0337,0.13,0.000143,0.109,0.716,134.753,audio_features,5VSAonaAPhhGn0G7hMYwWK,spotify:track:5VSAonaAPhhGn0G7hMYwWK,https://api.spotify.com/v1/tracks/5VSAonaAPhhGn0G7hMYwWK,https://api.spotify.com/v1/audio-analysis/5VSAonaAPhhGn0G7hMYwWK,199573,4
252,0.471,0.839,4,-5.928,1,0.032,0.00654,0.000278,0.315,0.895,131.362,audio_features,0Nux6Q8aJZ1i4vUpPDBvlX,spotify:track:0Nux6Q8aJZ1i4vUpPDBvlX,https://api.spotify.com/v1/tracks/0Nux6Q8aJZ1i4vUpPDBvlX,https://api.spotify.com/v1/audio-analysis/0Nux6Q8aJZ1i4vUpPDBvlX,264406,4
253,0.628,0.931,9,-9.973,1,0.0968,0.000689,0.00146,0.0997,0.144,119.976,audio_features,2BkXpZSvPoUDMLI2Xw9kAL,spotify:track:2BkXpZSvPoUDMLI2Xw9kAL,https://api.spotify.com/v1/tracks/2BkXpZSvPoUDMLI2Xw9kAL,https://api.spotify.com/v1/audio-analysis/2BkXpZSvPoUDMLI2Xw9kAL,200653,4
254,0.617,0.696,4,-12.739,1,0.0282,0.0155,0.000199,0.108,0.9,111.136,audio_features,1hwN2eAwsXgktvw9Qe8TrP,spotify:track:1hwN2eAwsXgktvw9Qe8TrP,https://api.spotify.com/v1/tracks/1hwN2eAwsXgktvw9Qe8TrP,https://api.spotify.com/v1/audio-analysis/1hwN2eAwsXgktvw9Qe8TrP,239760,4
255,0.338,0.873,9,-8.829,1,0.0443,0.013,0.00311,0.938,0.432,206.664,audio_features,6TBJCwgdhwkzjpSjdqJUHC,spotify:track:6TBJCwgdhwkzjpSjdqJUHC,https://api.spotify.com/v1/tracks/6TBJCwgdhwkzjpSjdqJUHC,https://api.spotify.com/v1/audio-analysis/6TBJCwgdhwkzjpSjdqJUHC,225093,4
256,0.561,0.754,9,-12.769,0,0.112,0.61,0.0194,0.328,0.642,100.08,audio_features,3e0FzZjTXOUtiJGSClOBrI,spotify:track:3e0FzZjTXOUtiJGSClOBrI,https://api.spotify.com/v1/tracks/3e0FzZjTXOUtiJGSClOBrI,https://api.spotify.com/v1/audio-analysis/3e0FzZjTXOUtiJGSClOBrI,282693,4
257,0.458,0.502,5,-10.186,1,0.0294,0.442,5.51e-06,0.299,0.571,121.861,audio_features,5WyuRWUcOOhAic0tj9Pl28,spotify:track:5WyuRWUcOOhAic0tj9Pl28,https://api.spotify.com/v1/tracks/5WyuRWUcOOhAic0tj9Pl28,https://api.spotify.com/v1/audio-analysis/5WyuRWUcOOhAic0tj9Pl28,221120,4
258,0.556,0.944,2,-4.267,1,0.0445,0.0325,0.0,0.943,0.452,132.436,audio_features,5uS8HGp7VfuU5fDarEbNi7,spotify:track:5uS8HGp7VfuU5fDarEbNi7,https://api.spotify.com/v1/tracks/5uS8HGp7VfuU5fDarEbNi7,https://api.spotify.com/v1/audio-analysis/5uS8HGp7VfuU5fDarEbNi7,272467,4
259,0.749,0.748,2,-7.011,1,0.0323,0.295,0.000443,0.469,0.827,137.547,audio_features,2TxCwUlqaOH3TIyJqGgR91,spotify:track:2TxCwUlqaOH3TIyJqGgR91,https://api.spotify.com/v1/tracks/2TxCwUlqaOH3TIyJqGgR91,https://api.spotify.com/v1/audio-analysis/2TxCwUlqaOH3TIyJqGgR91,213267,4
260,0.621,0.238,6,-10.18,1,0.028,0.925,1.22e-06,0.124,0.321,97.211,audio_features,4XKFGca7tWPkDO3TizPR3m,spotify:track:4XKFGca7tWPkDO3TizPR3m,https://api.spotify.com/v1/tracks/4XKFGca7tWPkDO3TizPR3m,https://api.spotify.com/v1/audio-analysis/4XKFGca7tWPkDO3TizPR3m,273573,4
261,0.417,0.5,7,-6.449,1,0.0263,0.575,0.0883,0.102,0.241,130.531,audio_features,3w7hnMNX4zVZeBJ6LisTjT,spotify:track:3w7hnMNX4zVZeBJ6LisTjT,https://api.spotify.com/v1/tracks/3w7hnMNX4zVZeBJ6LisTjT,https://api.spotify.com/v1/audio-analysis/3w7hnMNX4zVZeBJ6LisTjT,357200,4
262,0.441,0.226,11,-13.809,1,0.0324,0.981,0.0861,0.138,0.33,148.107,audio_features,0cpTK1S7dSmnsTA1Xm0BcR,spotify:track:0cpTK1S7dSmnsTA1Xm0BcR,https://api.spotify.com/v1/tracks/0cpTK1S7dSmnsTA1Xm0BcR,https://api.spotify.com/v1/audio-analysis/0cpTK1S7dSmnsTA1Xm0BcR,220587,4
263,0.719,0.922,11,-6.091,1,0.0338,0.523,0.000163,0.0867,0.964,133.113,audio_features,7rWgGyRK7RAqAAXy4bLft9,spotify:track:7rWgGyRK7RAqAAXy4bLft9,https://api.spotify.com/v1/tracks/7rWgGyRK7RAqAAXy4bLft9,https://api.spotify.com/v1/audio-analysis/7rWgGyRK7RAqAAXy4bLft9,260893,4
264,0.435,0.423,11,-8.795,1,0.024,0.0916,0.000659,0.132,0.451,91.137,audio_features,2cWHN0WK52RGAWHgaDamUA,spotify:track:2cWHN0WK52RGAWHgaDamUA,https://api.spotify.com/v1/tracks/2cWHN0WK52RGAWHgaDamUA,https://api.spotify.com/v1/audio-analysis/2cWHN0WK52RGAWHgaDamUA,287091,3
265,0.615,0.487,11,-16.615,0,0.0335,0.0324,0.176,0.718,0.5,95.502,audio_features,4ZhPXTpqp3NojMWsNHGnSd,spotify:track:4ZhPXTpqp3NojMWsNHGnSd,https://api.spotify.com/v1/tracks/4ZhPXTpqp3NojMWsNHGnSd,https://api.spotify.com/v1/audio-analysis/4ZhPXTpqp3NojMWsNHGnSd,209787,4
266,0.555,0.879,0,-5.877,1,0.0388,0.16,1.22e-06,0.27,0.863,138.953,audio_features,3RIpoyYHjSTJtwoi5yHW1E,spotify:track:3RIpoyYHjSTJtwoi5yHW1E,https://api.spotify.com/v1/tracks/3RIpoyYHjSTJtwoi5yHW1E,https://api.spotify.com/v1/audio-analysis/3RIpoyYHjSTJtwoi5yHW1E,139088,4
267,0.483,0.615,2,-8.538,1,0.0497,0.452,0.000414,0.0512,0.594,80.576,audio_features,6Vjk8MNXpQpi0F4BefdTyq,spotify:track:6Vjk8MNXpQpi0F4BefdTyq,https://api.spotify.com/v1/tracks/6Vjk8MNXpQpi0F4BefdTyq,https://api.spotify.com/v1/audio-analysis/6Vjk8MNXpQpi0F4BefdTyq,517125,3
268,0.499,0.318,7,-13.776,1,0.0485,0.718,0.00101,0.379,0.282,121.498,audio_features,1HzDhHApjdjXPLHF6GGYhu,spotify:track:1HzDhHApjdjXPLHF6GGYhu,https://api.spotify.com/v1/tracks/1HzDhHApjdjXPLHF6GGYhu,https://api.spotify.com/v1/audio-analysis/1HzDhHApjdjXPLHF6GGYhu,321080,4
269,0.535,0.651,10,-6.326,1,0.0544,0.391,0.0,0.133,0.612,117.218,audio_features,2AKOOhml62GZNFWDN7VqzT,spotify:track:2AKOOhml62GZNFWDN7VqzT,https://api.spotify.com/v1/tracks/2AKOOhml62GZNFWDN7VqzT,https://api.spotify.com/v1/audio-analysis/2AKOOhml62GZNFWDN7VqzT,179600,4
270,0.545,0.67,9,-8.81,1,0.0496,0.009,0.000822,0.0451,0.481,151.553,audio_features,5e9TFTbltYBg2xThimr0rU,spotify:track:5e9TFTbltYBg2xThimr0rU,https://api.spotify.com/v1/tracks/5e9TFTbltYBg2xThimr0rU,https://api.spotify.com/v1/audio-analysis/5e9TFTbltYBg2xThimr0rU,270213,4
271,0.671,0.71,9,-7.724,1,0.0356,0.0393,1.12e-05,0.0387,0.834,118.745,audio_features,4bEb3KE4mSKlTFjtWJQBqO,spotify:track:4bEb3KE4mSKlTFjtWJQBqO,https://api.spotify.com/v1/tracks/4bEb3KE4mSKlTFjtWJQBqO,https://api.spotify.com/v1/audio-analysis/4bEb3KE4mSKlTFjtWJQBqO,193347,4
272,0.452,0.788,7,-5.712,1,0.0326,0.00283,0.000116,0.441,0.793,126.739,audio_features,2SUpC3UgKwLVOS2FtZif9N,spotify:track:2SUpC3UgKwLVOS2FtZif9N,https://api.spotify.com/v1/tracks/2SUpC3UgKwLVOS2FtZif9N,https://api.spotify.com/v1/audio-analysis/2SUpC3UgKwLVOS2FtZif9N,322093,4
273,0.546,0.733,2,-7.073,1,0.0299,0.0399,1.11e-06,0.235,0.91,107.285,audio_features,798cuJeotvXP8UVa8GJPnD,spotify:track:798cuJeotvXP8UVa8GJPnD,https://api.spotify.com/v1/tracks/798cuJeotvXP8UVa8GJPnD,https://api.spotify.com/v1/audio-analysis/798cuJeotvXP8UVa8GJPnD,241920,4
274,0.332,0.683,2,-7.679,1,0.0491,0.0322,6.51e-06,0.342,0.419,88.522,audio_features,6IAVxNFi1W88UhDeyvOsdo,spotify:track:6IAVxNFi1W88UhDeyvOsdo,https://api.spotify.com/v1/tracks/6IAVxNFi1W88UhDeyvOsdo,https://api.spotify.com/v1/audio-analysis/6IAVxNFi1W88UhDeyvOsdo,255600,4
275,0.546,0.9,5,-6.728,1,0.0691,0.0421,4.57e-05,0.292,0.447,90.591,audio_features,4Q9WS9ARvL7rkokSbnhM96,spotify:track:4Q9WS9ARvL7rkokSbnhM96,https://api.spotify.com/v1/tracks/4Q9WS9ARvL7rkokSbnhM96,https://api.spotify.com/v1/audio-analysis/4Q9WS9ARvL7rkokSbnhM96,215933,4
276,0.511,0.908,0,-6.078,1,0.042,0.00228,0.0289,0.638,0.717,145.213,audio_features,55WrYzR1SHfXeeU6DJbk3Y,spotify:track:55WrYzR1SHfXeeU6DJbk3Y,https://api.spotify.com/v1/tracks/55WrYzR1SHfXeeU6DJbk3Y,https://api.spotify.com/v1/audio-analysis/55WrYzR1SHfXeeU6DJbk3Y,133973,4
277,0.462,0.836,11,-5.766,0,0.0621,0.00517,0.0,0.18,0.671,168.766,audio_features,1QFh8OH1e78dGd3VyJZCAC,spotify:track:1QFh8OH1e78dGd3VyJZCAC,https://api.spotify.com/v1/tracks/1QFh8OH1e78dGd3VyJZCAC,https://api.spotify.com/v1/audio-analysis/1QFh8OH1e78dGd3VyJZCAC,155973,4
278,0.415,0.713,5,-5.55,1,0.0278,0.251,0.00197,0.289,0.579,125.056,audio_features,6yZv0Nl6BXABbXoPVpfF5y,spotify:track:6yZv0Nl6BXABbXoPVpfF5y,https://api.spotify.com/v1/tracks/6yZv0Nl6BXABbXoPVpfF5y,https://api.spotify.com/v1/audio-analysis/6yZv0Nl6BXABbXoPVpfF5y,202387,4
279,0.317,0.896,2,-6.089,1,0.104,0.122,0.0168,0.253,0.421,126.894,audio_features,1qP7KmHJbzvV8KsFPhW8wY,spotify:track:1qP7KmHJbzvV8KsFPhW8wY,https://api.spotify.com/v1/tracks/1qP7KmHJbzvV8KsFPhW8wY,https://api.spotify.com/v1/audio-analysis/1qP7KmHJbzvV8KsFPhW8wY,168973,4
280,0.197,0.796,2,-7.335,1,0.0645,0.000541,0.417,0.187,0.522,175.02,audio_features,5u5qlnyVaewWugJIjzilIc,spotify:track:5u5qlnyVaewWugJIjzilIc,https://api.spotify.com/v1/tracks/5u5qlnyVaewWugJIjzilIc,https://api.spotify.com/v1/audio-analysis/5u5qlnyVaewWugJIjzilIc,261387,4
281,0.67,0.763,7,-6.864,1,0.0341,0.155,0.0,0.0799,0.61,114.398,audio_features,4OJFkrRQqol4FsPesF8eu4,spotify:track:4OJFkrRQqol4FsPesF8eu4,https://api.spotify.com/v1/tracks/4OJFkrRQqol4FsPesF8eu4,https://api.spotify.com/v1/audio-analysis/4OJFkrRQqol4FsPesF8eu4,235667,4
282,0.609,0.624,7,-11.717,1,0.0292,0.0396,0.000168,0.277,0.691,123.191,audio_features,4RFqi5JQduiSlRZCVlUDGH,spotify:track:4RFqi5JQduiSlRZCVlUDGH,https://api.spotify.com/v1/tracks/4RFqi5JQduiSlRZCVlUDGH,https://api.spotify.com/v1/audio-analysis/4RFqi5JQduiSlRZCVlUDGH,184333,4
283,0.423,0.852,8,-9.269,1,0.0327,0.0065,0.899,0.331,0.667,114.71,audio_features,7B265QWYkUeqG2ihVEUZ5D,spotify:track:7B265QWYkUeqG2ihVEUZ5D,https://api.spotify.com/v1/tracks/7B265QWYkUeqG2ihVEUZ5D,https://api.spotify.com/v1/audio-analysis/7B265QWYkUeqG2ihVEUZ5D,167413,4
284,0.667,0.804,2,-8.583,1,0.0398,0.0328,0.0544,0.0632,0.759,105.799,audio_features,1vP2JEXRsGrFbwOZ0foOQ5,spotify:track:1vP2JEXRsGrFbwOZ0foOQ5,https://api.spotify.com/v1/tracks/1vP2JEXRsGrFbwOZ0foOQ5,https://api.spotify.com/v1/audio-analysis/1vP2JEXRsGrFbwOZ0foOQ5,184382,4
